ISO-10303-21;
HEADER;
/* Generated by software containing ST-Developer
 * from STEP Tools, Inc. (www.steptools.com) 
 */

FILE_DESCRIPTION(
/* description */ (''),
/* implementation_level */ '2;1');

FILE_NAME(
/* name */ 'Chuni_Slider_ioboard2.step',
/* time_stamp */ '2026-01-16T22:23:51+01:00',
/* author */ (''),
/* organization */ (''),
/* preprocessor_version */ 'ST-DEVELOPER v20.1',
/* originating_system */ 'Autodesk Translation Framework v14.21.0.0',
/* authorisation */ '');

FILE_SCHEMA (('AUTOMOTIVE_DESIGN { 1 0 10303 214 3 1 1 }'));
ENDSEC;

DATA;
#10=MECHANICAL_DESIGN_GEOMETRIC_PRESENTATION_REPRESENTATION('',(#31,#32),
#2884);
#11=ITEM_DEFINED_TRANSFORMATION($,$,#1767,#1843);
#12=ITEM_DEFINED_TRANSFORMATION($,$,#1768,#1844);
#13=ITEM_DEFINED_TRANSFORMATION($,$,#1766,#1910);
#14=ITEM_DEFINED_TRANSFORMATION($,$,#1845,#1911);
#15=(
REPRESENTATION_RELATIONSHIP($,$,#2905,#2904)
REPRESENTATION_RELATIONSHIP_WITH_TRANSFORMATION(#11)
SHAPE_REPRESENTATION_RELATIONSHIP()
);
#16=(
REPRESENTATION_RELATIONSHIP($,$,#2906,#2904)
REPRESENTATION_RELATIONSHIP_WITH_TRANSFORMATION(#12)
SHAPE_REPRESENTATION_RELATIONSHIP()
);
#17=(
REPRESENTATION_RELATIONSHIP($,$,#2904,#2903)
REPRESENTATION_RELATIONSHIP_WITH_TRANSFORMATION(#13)
SHAPE_REPRESENTATION_RELATIONSHIP()
);
#18=(
REPRESENTATION_RELATIONSHIP($,$,#2907,#2903)
REPRESENTATION_RELATIONSHIP_WITH_TRANSFORMATION(#14)
SHAPE_REPRESENTATION_RELATIONSHIP()
);
#19=CONTEXT_DEPENDENT_SHAPE_REPRESENTATION(#15,#2898);
#20=CONTEXT_DEPENDENT_SHAPE_REPRESENTATION(#16,#2899);
#21=CONTEXT_DEPENDENT_SHAPE_REPRESENTATION(#17,#2901);
#22=CONTEXT_DEPENDENT_SHAPE_REPRESENTATION(#18,#2902);
#23=NEXT_ASSEMBLY_USAGE_OCCURRENCE('left_bracket:1','left_bracket:1',
'left_bracket:1',#2910,#2911,'left_bracket:1');
#24=NEXT_ASSEMBLY_USAGE_OCCURRENCE('L_case_center:1','L_case_center:1',
'L_case_center:1',#2910,#2912,'L_case_center:1');
#25=NEXT_ASSEMBLY_USAGE_OCCURRENCE('Case:1','Case:1','Case:1',#2909,#2910,
'Case:1');
#26=NEXT_ASSEMBLY_USAGE_OCCURRENCE('R_case_center:1','R_case_center:1',
'R_case_center:1',#2909,#2913,'R_case_center:1');
#27=SHAPE_REPRESENTATION_RELATIONSHIP('SRR','None',#2906,#29);
#28=SHAPE_REPRESENTATION_RELATIONSHIP('SRR','None',#2907,#30);
#29=ADVANCED_BREP_SHAPE_REPRESENTATION('',(#33),#2882);
#30=ADVANCED_BREP_SHAPE_REPRESENTATION('',(#34),#2883);
#31=STYLED_ITEM('',(#2932),#33);
#32=STYLED_ITEM('',(#2932),#34);
#33=MANIFOLD_SOLID_BREP('Body1',#1729);
#34=MANIFOLD_SOLID_BREP('Body1',#1730);
#35=CYLINDRICAL_SURFACE('',#1780,2.34999999999999);
#36=CYLINDRICAL_SURFACE('',#1783,2.34999999999999);
#37=CYLINDRICAL_SURFACE('',#1786,5.);
#38=CYLINDRICAL_SURFACE('',#1790,5.);
#39=CYLINDRICAL_SURFACE('',#1819,3.4);
#40=CYLINDRICAL_SURFACE('',#1820,3.4);
#41=CYLINDRICAL_SURFACE('',#1822,3.4);
#42=CYLINDRICAL_SURFACE('',#1823,3.4);
#43=CYLINDRICAL_SURFACE('',#1825,3.4);
#44=CYLINDRICAL_SURFACE('',#1826,3.4);
#45=CYLINDRICAL_SURFACE('',#1857,2.34999999999999);
#46=CYLINDRICAL_SURFACE('',#1860,2.34999999999999);
#47=CYLINDRICAL_SURFACE('',#1886,3.4);
#48=CYLINDRICAL_SURFACE('',#1887,3.4);
#49=CYLINDRICAL_SURFACE('',#1889,3.4);
#50=CYLINDRICAL_SURFACE('',#1890,3.4);
#51=CYLINDRICAL_SURFACE('',#1892,3.4);
#52=CYLINDRICAL_SURFACE('',#1893,3.4);
#53=FACE_BOUND('',#559,.T.);
#54=FACE_BOUND('',#560,.T.);
#55=FACE_BOUND('',#564,.T.);
#56=FACE_BOUND('',#567,.T.);
#57=FACE_BOUND('',#576,.T.);
#58=FACE_BOUND('',#577,.T.);
#59=FACE_BOUND('',#578,.T.);
#60=FACE_BOUND('',#585,.T.);
#61=FACE_BOUND('',#586,.T.);
#62=FACE_BOUND('',#589,.T.);
#63=FACE_BOUND('',#590,.T.);
#64=FACE_BOUND('',#592,.T.);
#65=FACE_BOUND('',#596,.T.);
#66=FACE_BOUND('',#618,.T.);
#67=FACE_BOUND('',#619,.T.);
#68=FACE_BOUND('',#620,.T.);
#69=FACE_BOUND('',#625,.T.);
#70=FACE_BOUND('',#626,.T.);
#71=FACE_BOUND('',#630,.T.);
#72=FACE_BOUND('',#633,.T.);
#73=FACE_BOUND('',#635,.T.);
#74=FACE_BOUND('',#636,.T.);
#75=FACE_BOUND('',#637,.T.);
#76=FACE_BOUND('',#645,.T.);
#77=FACE_BOUND('',#646,.T.);
#78=FACE_BOUND('',#649,.T.);
#79=FACE_BOUND('',#650,.T.);
#80=FACE_BOUND('',#652,.T.);
#81=FACE_BOUND('',#656,.T.);
#82=FACE_BOUND('',#678,.T.);
#83=FACE_BOUND('',#679,.T.);
#84=FACE_BOUND('',#680,.T.);
#85=LINE('',#2406,#271);
#86=LINE('',#2411,#272);
#87=LINE('',#2413,#273);
#88=LINE('',#2415,#274);
#89=LINE('',#2417,#275);
#90=LINE('',#2419,#276);
#91=LINE('',#2421,#277);
#92=LINE('',#2423,#278);
#93=LINE('',#2425,#279);
#94=LINE('',#2427,#280);
#95=LINE('',#2429,#281);
#96=LINE('',#2431,#282);
#97=LINE('',#2432,#283);
#98=LINE('',#2437,#284);
#99=LINE('',#2442,#285);
#100=LINE('',#2447,#286);
#101=LINE('',#2454,#287);
#102=LINE('',#2457,#288);
#103=LINE('',#2460,#289);
#104=LINE('',#2462,#290);
#105=LINE('',#2463,#291);
#106=LINE('',#2469,#292);
#107=LINE('',#2472,#293);
#108=LINE('',#2474,#294);
#109=LINE('',#2475,#295);
#110=LINE('',#2478,#296);
#111=LINE('',#2480,#297);
#112=LINE('',#2481,#298);
#113=LINE('',#2484,#299);
#114=LINE('',#2486,#300);
#115=LINE('',#2488,#301);
#116=LINE('',#2490,#302);
#117=LINE('',#2491,#303);
#118=LINE('',#2494,#304);
#119=LINE('',#2496,#305);
#120=LINE('',#2498,#306);
#121=LINE('',#2499,#307);
#122=LINE('',#2503,#308);
#123=LINE('',#2504,#309);
#124=LINE('',#2506,#310);
#125=LINE('',#2507,#311);
#126=LINE('',#2509,#312);
#127=LINE('',#2511,#313);
#128=LINE('',#2513,#314);
#129=LINE('',#2515,#315);
#130=LINE('',#2516,#316);
#131=LINE('',#2525,#317);
#132=LINE('',#2526,#318);
#133=LINE('',#2528,#319);
#134=LINE('',#2531,#320);
#135=LINE('',#2533,#321);
#136=LINE('',#2535,#322);
#137=LINE('',#2536,#323);
#138=LINE('',#2539,#324);
#139=LINE('',#2540,#325);
#140=LINE('',#2544,#326);
#141=LINE('',#2546,#327);
#142=LINE('',#2548,#328);
#143=LINE('',#2549,#329);
#144=LINE('',#2552,#330);
#145=LINE('',#2554,#331);
#146=LINE('',#2555,#332);
#147=LINE('',#2562,#333);
#148=LINE('',#2564,#334);
#149=LINE('',#2565,#335);
#150=LINE('',#2567,#336);
#151=LINE('',#2568,#337);
#152=LINE('',#2576,#338);
#153=LINE('',#2577,#339);
#154=LINE('',#2578,#340);
#155=LINE('',#2583,#341);
#156=LINE('',#2584,#342);
#157=LINE('',#2587,#343);
#158=LINE('',#2588,#344);
#159=LINE('',#2590,#345);
#160=LINE('',#2594,#346);
#161=LINE('',#2598,#347);
#162=LINE('',#2600,#348);
#163=LINE('',#2604,#349);
#164=LINE('',#2606,#350);
#165=LINE('',#2610,#351);
#166=LINE('',#2613,#352);
#167=LINE('',#2614,#353);
#168=LINE('',#2617,#354);
#169=LINE('',#2618,#355);
#170=LINE('',#2620,#356);
#171=LINE('',#2622,#357);
#172=LINE('',#2624,#358);
#173=LINE('',#2626,#359);
#174=LINE('',#2628,#360);
#175=LINE('',#2629,#361);
#176=LINE('',#2631,#362);
#177=LINE('',#2635,#363);
#178=LINE('',#2636,#364);
#179=LINE('',#2639,#365);
#180=LINE('',#2640,#366);
#181=LINE('',#2643,#367);
#182=LINE('',#2644,#368);
#183=LINE('',#2646,#369);
#184=LINE('',#2648,#370);
#185=LINE('',#2663,#371);
#186=LINE('',#2668,#372);
#187=LINE('',#2670,#373);
#188=LINE('',#2672,#374);
#189=LINE('',#2674,#375);
#190=LINE('',#2676,#376);
#191=LINE('',#2678,#377);
#192=LINE('',#2680,#378);
#193=LINE('',#2682,#379);
#194=LINE('',#2684,#380);
#195=LINE('',#2686,#381);
#196=LINE('',#2688,#382);
#197=LINE('',#2689,#383);
#198=LINE('',#2694,#384);
#199=LINE('',#2699,#385);
#200=LINE('',#2704,#386);
#201=LINE('',#2709,#387);
#202=LINE('',#2711,#388);
#203=LINE('',#2713,#389);
#204=LINE('',#2715,#390);
#205=LINE('',#2717,#391);
#206=LINE('',#2718,#392);
#207=LINE('',#2720,#393);
#208=LINE('',#2722,#394);
#209=LINE('',#2724,#395);
#210=LINE('',#2726,#396);
#211=LINE('',#2727,#397);
#212=LINE('',#2736,#398);
#213=LINE('',#2737,#399);
#214=LINE('',#2740,#400);
#215=LINE('',#2741,#401);
#216=LINE('',#2744,#402);
#217=LINE('',#2746,#403);
#218=LINE('',#2748,#404);
#219=LINE('',#2750,#405);
#220=LINE('',#2752,#406);
#221=LINE('',#2753,#407);
#222=LINE('',#2756,#408);
#223=LINE('',#2757,#409);
#224=LINE('',#2760,#410);
#225=LINE('',#2761,#411);
#226=LINE('',#2765,#412);
#227=LINE('',#2767,#413);
#228=LINE('',#2769,#414);
#229=LINE('',#2770,#415);
#230=LINE('',#2773,#416);
#231=LINE('',#2775,#417);
#232=LINE('',#2776,#418);
#233=LINE('',#2783,#419);
#234=LINE('',#2785,#420);
#235=LINE('',#2786,#421);
#236=LINE('',#2788,#422);
#237=LINE('',#2789,#423);
#238=LINE('',#2797,#424);
#239=LINE('',#2798,#425);
#240=LINE('',#2799,#426);
#241=LINE('',#2804,#427);
#242=LINE('',#2805,#428);
#243=LINE('',#2808,#429);
#244=LINE('',#2809,#430);
#245=LINE('',#2811,#431);
#246=LINE('',#2815,#432);
#247=LINE('',#2819,#433);
#248=LINE('',#2821,#434);
#249=LINE('',#2825,#435);
#250=LINE('',#2827,#436);
#251=LINE('',#2831,#437);
#252=LINE('',#2834,#438);
#253=LINE('',#2835,#439);
#254=LINE('',#2838,#440);
#255=LINE('',#2839,#441);
#256=LINE('',#2841,#442);
#257=LINE('',#2843,#443);
#258=LINE('',#2845,#444);
#259=LINE('',#2847,#445);
#260=LINE('',#2849,#446);
#261=LINE('',#2850,#447);
#262=LINE('',#2852,#448);
#263=LINE('',#2856,#449);
#264=LINE('',#2857,#450);
#265=LINE('',#2860,#451);
#266=LINE('',#2861,#452);
#267=LINE('',#2864,#453);
#268=LINE('',#2865,#454);
#269=LINE('',#2867,#455);
#270=LINE('',#2869,#456);
#271=VECTOR('',#1932,5.99999999999996);
#272=VECTOR('',#1937,10.);
#273=VECTOR('',#1938,10.);
#274=VECTOR('',#1939,10.);
#275=VECTOR('',#1940,10.);
#276=VECTOR('',#1941,10.);
#277=VECTOR('',#1942,10.);
#278=VECTOR('',#1943,10.);
#279=VECTOR('',#1944,10.);
#280=VECTOR('',#1945,10.);
#281=VECTOR('',#1946,10.);
#282=VECTOR('',#1947,10.);
#283=VECTOR('',#1948,10.);
#284=VECTOR('',#1953,6.);
#285=VECTOR('',#1960,2.34999999999999);
#286=VECTOR('',#1967,2.34999999999999);
#287=VECTOR('',#1974,10.);
#288=VECTOR('',#1977,10.);
#289=VECTOR('',#1980,10.);
#290=VECTOR('',#1981,10.);
#291=VECTOR('',#1982,10.);
#292=VECTOR('',#1989,10.);
#293=VECTOR('',#1992,10.);
#294=VECTOR('',#1993,10.);
#295=VECTOR('',#1994,10.);
#296=VECTOR('',#1997,10.);
#297=VECTOR('',#1998,10.);
#298=VECTOR('',#1999,10.);
#299=VECTOR('',#2002,10.);
#300=VECTOR('',#2003,10.);
#301=VECTOR('',#2004,10.);
#302=VECTOR('',#2005,10.);
#303=VECTOR('',#2006,10.);
#304=VECTOR('',#2009,10.);
#305=VECTOR('',#2010,10.);
#306=VECTOR('',#2011,10.);
#307=VECTOR('',#2012,10.);
#308=VECTOR('',#2015,10.);
#309=VECTOR('',#2016,10.);
#310=VECTOR('',#2017,10.);
#311=VECTOR('',#2018,10.);
#312=VECTOR('',#2019,10.);
#313=VECTOR('',#2020,10.);
#314=VECTOR('',#2021,10.);
#315=VECTOR('',#2022,10.);
#316=VECTOR('',#2023,10.);
#317=VECTOR('',#2032,10.);
#318=VECTOR('',#2033,10.);
#319=VECTOR('',#2036,10.);
#320=VECTOR('',#2039,10.);
#321=VECTOR('',#2040,10.);
#322=VECTOR('',#2041,10.);
#323=VECTOR('',#2042,10.);
#324=VECTOR('',#2045,10.);
#325=VECTOR('',#2046,10.);
#326=VECTOR('',#2049,10.);
#327=VECTOR('',#2050,10.);
#328=VECTOR('',#2051,10.);
#329=VECTOR('',#2052,10.);
#330=VECTOR('',#2055,10.);
#331=VECTOR('',#2056,10.);
#332=VECTOR('',#2057,10.);
#333=VECTOR('',#2064,10.);
#334=VECTOR('',#2065,10.);
#335=VECTOR('',#2066,10.);
#336=VECTOR('',#2069,10.);
#337=VECTOR('',#2070,10.);
#338=VECTOR('',#2077,10.);
#339=VECTOR('',#2078,10.);
#340=VECTOR('',#2079,10.);
#341=VECTOR('',#2084,10.);
#342=VECTOR('',#2085,10.);
#343=VECTOR('',#2088,10.);
#344=VECTOR('',#2089,10.);
#345=VECTOR('',#2092,10.);
#346=VECTOR('',#2097,3.4);
#347=VECTOR('',#2102,3.4);
#348=VECTOR('',#2105,3.4);
#349=VECTOR('',#2110,3.4);
#350=VECTOR('',#2113,3.4);
#351=VECTOR('',#2118,3.4);
#352=VECTOR('',#2121,10.);
#353=VECTOR('',#2122,10.);
#354=VECTOR('',#2125,10.);
#355=VECTOR('',#2126,10.);
#356=VECTOR('',#2129,10.);
#357=VECTOR('',#2132,10.);
#358=VECTOR('',#2135,10.);
#359=VECTOR('',#2138,10.);
#360=VECTOR('',#2141,10.);
#361=VECTOR('',#2142,10.);
#362=VECTOR('',#2145,10.);
#363=VECTOR('',#2150,10.);
#364=VECTOR('',#2151,10.);
#365=VECTOR('',#2154,10.);
#366=VECTOR('',#2155,10.);
#367=VECTOR('',#2158,10.);
#368=VECTOR('',#2159,10.);
#369=VECTOR('',#2162,10.);
#370=VECTOR('',#2165,10.);
#371=VECTOR('',#2186,6.);
#372=VECTOR('',#2191,10.);
#373=VECTOR('',#2192,10.);
#374=VECTOR('',#2193,10.);
#375=VECTOR('',#2194,10.);
#376=VECTOR('',#2195,10.);
#377=VECTOR('',#2196,10.);
#378=VECTOR('',#2197,10.);
#379=VECTOR('',#2198,10.);
#380=VECTOR('',#2199,10.);
#381=VECTOR('',#2200,10.);
#382=VECTOR('',#2201,10.);
#383=VECTOR('',#2202,10.);
#384=VECTOR('',#2207,6.);
#385=VECTOR('',#2214,2.34999999999999);
#386=VECTOR('',#2221,2.34999999999999);
#387=VECTOR('',#2226,10.);
#388=VECTOR('',#2227,10.);
#389=VECTOR('',#2228,10.);
#390=VECTOR('',#2229,10.);
#391=VECTOR('',#2230,10.);
#392=VECTOR('',#2231,10.);
#393=VECTOR('',#2232,10.);
#394=VECTOR('',#2233,10.);
#395=VECTOR('',#2234,10.);
#396=VECTOR('',#2235,10.);
#397=VECTOR('',#2236,10.);
#398=VECTOR('',#2245,10.);
#399=VECTOR('',#2246,10.);
#400=VECTOR('',#2249,10.);
#401=VECTOR('',#2250,10.);
#402=VECTOR('',#2253,10.);
#403=VECTOR('',#2254,10.);
#404=VECTOR('',#2255,10.);
#405=VECTOR('',#2256,10.);
#406=VECTOR('',#2257,10.);
#407=VECTOR('',#2258,10.);
#408=VECTOR('',#2261,10.);
#409=VECTOR('',#2262,10.);
#410=VECTOR('',#2265,10.);
#411=VECTOR('',#2266,10.);
#412=VECTOR('',#2269,10.);
#413=VECTOR('',#2270,10.);
#414=VECTOR('',#2271,10.);
#415=VECTOR('',#2272,10.);
#416=VECTOR('',#2275,10.);
#417=VECTOR('',#2276,10.);
#418=VECTOR('',#2277,10.);
#419=VECTOR('',#2284,10.);
#420=VECTOR('',#2285,10.);
#421=VECTOR('',#2286,10.);
#422=VECTOR('',#2289,10.);
#423=VECTOR('',#2290,10.);
#424=VECTOR('',#2297,10.);
#425=VECTOR('',#2298,10.);
#426=VECTOR('',#2299,10.);
#427=VECTOR('',#2304,10.);
#428=VECTOR('',#2305,10.);
#429=VECTOR('',#2308,10.);
#430=VECTOR('',#2309,10.);
#431=VECTOR('',#2312,10.);
#432=VECTOR('',#2317,3.4);
#433=VECTOR('',#2322,3.4);
#434=VECTOR('',#2325,3.4);
#435=VECTOR('',#2330,3.4);
#436=VECTOR('',#2333,3.4);
#437=VECTOR('',#2338,3.4);
#438=VECTOR('',#2341,10.);
#439=VECTOR('',#2342,10.);
#440=VECTOR('',#2345,10.);
#441=VECTOR('',#2346,10.);
#442=VECTOR('',#2349,10.);
#443=VECTOR('',#2352,10.);
#444=VECTOR('',#2355,10.);
#445=VECTOR('',#2358,10.);
#446=VECTOR('',#2361,10.);
#447=VECTOR('',#2362,10.);
#448=VECTOR('',#2365,10.);
#449=VECTOR('',#2370,10.);
#450=VECTOR('',#2371,10.);
#451=VECTOR('',#2374,10.);
#452=VECTOR('',#2375,10.);
#453=VECTOR('',#2378,10.);
#454=VECTOR('',#2379,10.);
#455=VECTOR('',#2382,10.);
#456=VECTOR('',#2385,10.);
#457=CONICAL_SURFACE('',#1773,5.99999999999996,0.588002603547566);
#458=CONICAL_SURFACE('',#1778,6.,0.588002603547566);
#459=CONICAL_SURFACE('',#1850,6.,0.588002603547566);
#460=CONICAL_SURFACE('',#1855,6.,0.588002603547566);
#461=FACE_OUTER_BOUND('',#555,.T.);
#462=FACE_OUTER_BOUND('',#556,.T.);
#463=FACE_OUTER_BOUND('',#557,.T.);
#464=FACE_OUTER_BOUND('',#558,.T.);
#465=FACE_OUTER_BOUND('',#561,.T.);
#466=FACE_OUTER_BOUND('',#562,.T.);
#467=FACE_OUTER_BOUND('',#563,.T.);
#468=FACE_OUTER_BOUND('',#565,.T.);
#469=FACE_OUTER_BOUND('',#566,.T.);
#470=FACE_OUTER_BOUND('',#568,.T.);
#471=FACE_OUTER_BOUND('',#569,.T.);
#472=FACE_OUTER_BOUND('',#570,.T.);
#473=FACE_OUTER_BOUND('',#571,.T.);
#474=FACE_OUTER_BOUND('',#572,.T.);
#475=FACE_OUTER_BOUND('',#573,.T.);
#476=FACE_OUTER_BOUND('',#574,.T.);
#477=FACE_OUTER_BOUND('',#575,.T.);
#478=FACE_OUTER_BOUND('',#579,.T.);
#479=FACE_OUTER_BOUND('',#580,.T.);
#480=FACE_OUTER_BOUND('',#581,.T.);
#481=FACE_OUTER_BOUND('',#582,.T.);
#482=FACE_OUTER_BOUND('',#583,.T.);
#483=FACE_OUTER_BOUND('',#584,.T.);
#484=FACE_OUTER_BOUND('',#587,.T.);
#485=FACE_OUTER_BOUND('',#588,.T.);
#486=FACE_OUTER_BOUND('',#591,.T.);
#487=FACE_OUTER_BOUND('',#593,.T.);
#488=FACE_OUTER_BOUND('',#594,.T.);
#489=FACE_OUTER_BOUND('',#595,.T.);
#490=FACE_OUTER_BOUND('',#597,.T.);
#491=FACE_OUTER_BOUND('',#598,.T.);
#492=FACE_OUTER_BOUND('',#599,.T.);
#493=FACE_OUTER_BOUND('',#600,.T.);
#494=FACE_OUTER_BOUND('',#601,.T.);
#495=FACE_OUTER_BOUND('',#602,.T.);
#496=FACE_OUTER_BOUND('',#603,.T.);
#497=FACE_OUTER_BOUND('',#604,.T.);
#498=FACE_OUTER_BOUND('',#605,.T.);
#499=FACE_OUTER_BOUND('',#606,.T.);
#500=FACE_OUTER_BOUND('',#607,.T.);
#501=FACE_OUTER_BOUND('',#608,.T.);
#502=FACE_OUTER_BOUND('',#609,.T.);
#503=FACE_OUTER_BOUND('',#610,.T.);
#504=FACE_OUTER_BOUND('',#611,.T.);
#505=FACE_OUTER_BOUND('',#612,.T.);
#506=FACE_OUTER_BOUND('',#613,.T.);
#507=FACE_OUTER_BOUND('',#614,.T.);
#508=FACE_OUTER_BOUND('',#615,.T.);
#509=FACE_OUTER_BOUND('',#616,.T.);
#510=FACE_OUTER_BOUND('',#617,.T.);
#511=FACE_OUTER_BOUND('',#621,.T.);
#512=FACE_OUTER_BOUND('',#622,.T.);
#513=FACE_OUTER_BOUND('',#623,.T.);
#514=FACE_OUTER_BOUND('',#624,.T.);
#515=FACE_OUTER_BOUND('',#627,.T.);
#516=FACE_OUTER_BOUND('',#628,.T.);
#517=FACE_OUTER_BOUND('',#629,.T.);
#518=FACE_OUTER_BOUND('',#631,.T.);
#519=FACE_OUTER_BOUND('',#632,.T.);
#520=FACE_OUTER_BOUND('',#634,.T.);
#521=FACE_OUTER_BOUND('',#638,.T.);
#522=FACE_OUTER_BOUND('',#639,.T.);
#523=FACE_OUTER_BOUND('',#640,.T.);
#524=FACE_OUTER_BOUND('',#641,.T.);
#525=FACE_OUTER_BOUND('',#642,.T.);
#526=FACE_OUTER_BOUND('',#643,.T.);
#527=FACE_OUTER_BOUND('',#644,.T.);
#528=FACE_OUTER_BOUND('',#647,.T.);
#529=FACE_OUTER_BOUND('',#648,.T.);
#530=FACE_OUTER_BOUND('',#651,.T.);
#531=FACE_OUTER_BOUND('',#653,.T.);
#532=FACE_OUTER_BOUND('',#654,.T.);
#533=FACE_OUTER_BOUND('',#655,.T.);
#534=FACE_OUTER_BOUND('',#657,.T.);
#535=FACE_OUTER_BOUND('',#658,.T.);
#536=FACE_OUTER_BOUND('',#659,.T.);
#537=FACE_OUTER_BOUND('',#660,.T.);
#538=FACE_OUTER_BOUND('',#661,.T.);
#539=FACE_OUTER_BOUND('',#662,.T.);
#540=FACE_OUTER_BOUND('',#663,.T.);
#541=FACE_OUTER_BOUND('',#664,.T.);
#542=FACE_OUTER_BOUND('',#665,.T.);
#543=FACE_OUTER_BOUND('',#666,.T.);
#544=FACE_OUTER_BOUND('',#667,.T.);
#545=FACE_OUTER_BOUND('',#668,.T.);
#546=FACE_OUTER_BOUND('',#669,.T.);
#547=FACE_OUTER_BOUND('',#670,.T.);
#548=FACE_OUTER_BOUND('',#671,.T.);
#549=FACE_OUTER_BOUND('',#672,.T.);
#550=FACE_OUTER_BOUND('',#673,.T.);
#551=FACE_OUTER_BOUND('',#674,.T.);
#552=FACE_OUTER_BOUND('',#675,.T.);
#553=FACE_OUTER_BOUND('',#676,.T.);
#554=FACE_OUTER_BOUND('',#677,.T.);
#555=EDGE_LOOP('',(#1103));
#556=EDGE_LOOP('',(#1104));
#557=EDGE_LOOP('',(#1105,#1106,#1107,#1108));
#558=EDGE_LOOP('',(#1109,#1110,#1111,#1112,#1113,#1114,#1115,#1116,#1117,
#1118,#1119,#1120));
#559=EDGE_LOOP('',(#1121));
#560=EDGE_LOOP('',(#1122));
#561=EDGE_LOOP('',(#1123,#1124,#1125,#1126));
#562=EDGE_LOOP('',(#1127,#1128,#1129,#1130));
#563=EDGE_LOOP('',(#1131));
#564=EDGE_LOOP('',(#1132));
#565=EDGE_LOOP('',(#1133,#1134,#1135,#1136));
#566=EDGE_LOOP('',(#1137));
#567=EDGE_LOOP('',(#1138));
#568=EDGE_LOOP('',(#1139,#1140,#1141,#1142));
#569=EDGE_LOOP('',(#1143,#1144,#1145,#1146));
#570=EDGE_LOOP('',(#1147,#1148,#1149,#1150));
#571=EDGE_LOOP('',(#1151,#1152,#1153,#1154));
#572=EDGE_LOOP('',(#1155,#1156,#1157,#1158));
#573=EDGE_LOOP('',(#1159,#1160,#1161,#1162,#1163,#1164,#1165,#1166,#1167,
#1168));
#574=EDGE_LOOP('',(#1169,#1170,#1171,#1172,#1173,#1174));
#575=EDGE_LOOP('',(#1175,#1176,#1177,#1178,#1179,#1180,#1181,#1182,#1183,
#1184,#1185,#1186));
#576=EDGE_LOOP('',(#1187));
#577=EDGE_LOOP('',(#1188));
#578=EDGE_LOOP('',(#1189));
#579=EDGE_LOOP('',(#1190,#1191,#1192,#1193));
#580=EDGE_LOOP('',(#1194,#1195,#1196,#1197));
#581=EDGE_LOOP('',(#1198,#1199,#1200,#1201,#1202,#1203));
#582=EDGE_LOOP('',(#1204,#1205,#1206,#1207));
#583=EDGE_LOOP('',(#1208,#1209,#1210,#1211));
#584=EDGE_LOOP('',(#1212,#1213,#1214,#1215));
#585=EDGE_LOOP('',(#1216));
#586=EDGE_LOOP('',(#1217));
#587=EDGE_LOOP('',(#1218,#1219,#1220,#1221));
#588=EDGE_LOOP('',(#1222,#1223,#1224,#1225));
#589=EDGE_LOOP('',(#1226));
#590=EDGE_LOOP('',(#1227));
#591=EDGE_LOOP('',(#1228,#1229,#1230,#1231));
#592=EDGE_LOOP('',(#1232));
#593=EDGE_LOOP('',(#1233,#1234,#1235,#1236));
#594=EDGE_LOOP('',(#1237,#1238,#1239,#1240,#1241,#1242,#1243,#1244,#1245,
#1246));
#595=EDGE_LOOP('',(#1247,#1248,#1249,#1250));
#596=EDGE_LOOP('',(#1251));
#597=EDGE_LOOP('',(#1252,#1253,#1254,#1255));
#598=EDGE_LOOP('',(#1256,#1257,#1258,#1259));
#599=EDGE_LOOP('',(#1260,#1261,#1262,#1263));
#600=EDGE_LOOP('',(#1264,#1265,#1266,#1267));
#601=EDGE_LOOP('',(#1268,#1269,#1270,#1271));
#602=EDGE_LOOP('',(#1272,#1273,#1274,#1275));
#603=EDGE_LOOP('',(#1276,#1277,#1278,#1279));
#604=EDGE_LOOP('',(#1280,#1281,#1282,#1283));
#605=EDGE_LOOP('',(#1284,#1285,#1286,#1287));
#606=EDGE_LOOP('',(#1288,#1289,#1290,#1291));
#607=EDGE_LOOP('',(#1292,#1293,#1294,#1295));
#608=EDGE_LOOP('',(#1296,#1297,#1298,#1299));
#609=EDGE_LOOP('',(#1300,#1301,#1302,#1303));
#610=EDGE_LOOP('',(#1304,#1305,#1306,#1307));
#611=EDGE_LOOP('',(#1308,#1309,#1310,#1311));
#612=EDGE_LOOP('',(#1312,#1313,#1314,#1315));
#613=EDGE_LOOP('',(#1316,#1317,#1318,#1319,#1320,#1321,#1322,#1323));
#614=EDGE_LOOP('',(#1324,#1325,#1326,#1327));
#615=EDGE_LOOP('',(#1328,#1329,#1330,#1331));
#616=EDGE_LOOP('',(#1332,#1333,#1334,#1335));
#617=EDGE_LOOP('',(#1336,#1337,#1338,#1339,#1340,#1341,#1342,#1343,#1344,
#1345,#1346,#1347));
#618=EDGE_LOOP('',(#1348));
#619=EDGE_LOOP('',(#1349));
#620=EDGE_LOOP('',(#1350));
#621=EDGE_LOOP('',(#1351));
#622=EDGE_LOOP('',(#1352));
#623=EDGE_LOOP('',(#1353,#1354,#1355,#1356));
#624=EDGE_LOOP('',(#1357,#1358,#1359,#1360,#1361,#1362,#1363,#1364,#1365,
#1366,#1367,#1368));
#625=EDGE_LOOP('',(#1369));
#626=EDGE_LOOP('',(#1370));
#627=EDGE_LOOP('',(#1371,#1372,#1373,#1374));
#628=EDGE_LOOP('',(#1375,#1376,#1377,#1378));
#629=EDGE_LOOP('',(#1379));
#630=EDGE_LOOP('',(#1380));
#631=EDGE_LOOP('',(#1381,#1382,#1383,#1384));
#632=EDGE_LOOP('',(#1385));
#633=EDGE_LOOP('',(#1386));
#634=EDGE_LOOP('',(#1387,#1388,#1389,#1390,#1391,#1392,#1393,#1394,#1395,
#1396,#1397,#1398));
#635=EDGE_LOOP('',(#1399));
#636=EDGE_LOOP('',(#1400));
#637=EDGE_LOOP('',(#1401));
#638=EDGE_LOOP('',(#1402,#1403,#1404,#1405));
#639=EDGE_LOOP('',(#1406,#1407,#1408,#1409));
#640=EDGE_LOOP('',(#1410,#1411,#1412,#1413,#1414,#1415,#1416,#1417));
#641=EDGE_LOOP('',(#1418,#1419,#1420,#1421));
#642=EDGE_LOOP('',(#1422,#1423,#1424,#1425));
#643=EDGE_LOOP('',(#1426,#1427,#1428,#1429));
#644=EDGE_LOOP('',(#1430,#1431,#1432,#1433));
#645=EDGE_LOOP('',(#1434));
#646=EDGE_LOOP('',(#1435));
#647=EDGE_LOOP('',(#1436,#1437,#1438,#1439));
#648=EDGE_LOOP('',(#1440,#1441,#1442,#1443));
#649=EDGE_LOOP('',(#1444));
#650=EDGE_LOOP('',(#1445));
#651=EDGE_LOOP('',(#1446,#1447,#1448,#1449));
#652=EDGE_LOOP('',(#1450));
#653=EDGE_LOOP('',(#1451,#1452,#1453,#1454));
#654=EDGE_LOOP('',(#1455,#1456,#1457,#1458));
#655=EDGE_LOOP('',(#1459,#1460,#1461,#1462));
#656=EDGE_LOOP('',(#1463));
#657=EDGE_LOOP('',(#1464,#1465,#1466,#1467));
#658=EDGE_LOOP('',(#1468,#1469,#1470,#1471));
#659=EDGE_LOOP('',(#1472,#1473,#1474,#1475));
#660=EDGE_LOOP('',(#1476,#1477,#1478,#1479));
#661=EDGE_LOOP('',(#1480,#1481,#1482,#1483));
#662=EDGE_LOOP('',(#1484,#1485,#1486,#1487));
#663=EDGE_LOOP('',(#1488,#1489,#1490,#1491));
#664=EDGE_LOOP('',(#1492,#1493,#1494,#1495));
#665=EDGE_LOOP('',(#1496,#1497,#1498,#1499));
#666=EDGE_LOOP('',(#1500,#1501,#1502,#1503));
#667=EDGE_LOOP('',(#1504,#1505,#1506,#1507));
#668=EDGE_LOOP('',(#1508,#1509,#1510,#1511));
#669=EDGE_LOOP('',(#1512,#1513,#1514,#1515));
#670=EDGE_LOOP('',(#1516,#1517,#1518,#1519));
#671=EDGE_LOOP('',(#1520,#1521,#1522,#1523));
#672=EDGE_LOOP('',(#1524,#1525,#1526,#1527));
#673=EDGE_LOOP('',(#1528,#1529,#1530,#1531,#1532,#1533,#1534,#1535));
#674=EDGE_LOOP('',(#1536,#1537,#1538,#1539));
#675=EDGE_LOOP('',(#1540,#1541,#1542,#1543));
#676=EDGE_LOOP('',(#1544,#1545,#1546,#1547));
#677=EDGE_LOOP('',(#1548,#1549,#1550,#1551,#1552,#1553,#1554,#1555,#1556,
#1557,#1558,#1559));
#678=EDGE_LOOP('',(#1560));
#679=EDGE_LOOP('',(#1561));
#680=EDGE_LOOP('',(#1562));
#681=CIRCLE('',#1770,2.34999999999999);
#682=CIRCLE('',#1772,2.34999999999999);
#683=CIRCLE('',#1774,6.99999999999996);
#684=CIRCLE('',#1775,4.99999999999996);
#685=CIRCLE('',#1777,6.99999999999999);
#686=CIRCLE('',#1779,5.);
#687=CIRCLE('',#1781,2.34999999999999);
#688=CIRCLE('',#1784,2.34999999999999);
#689=CIRCLE('',#1787,5.);
#690=CIRCLE('',#1788,5.);
#691=CIRCLE('',#1791,5.);
#692=CIRCLE('',#1792,5.);
#693=CIRCLE('',#1798,3.4);
#694=CIRCLE('',#1799,3.4);
#695=CIRCLE('',#1800,3.4);
#696=CIRCLE('',#1807,3.4);
#697=CIRCLE('',#1808,3.4);
#698=CIRCLE('',#1811,3.4);
#699=CIRCLE('',#1812,3.4);
#700=CIRCLE('',#1814,3.4);
#701=CIRCLE('',#1818,3.4);
#702=CIRCLE('',#1821,3.4);
#703=CIRCLE('',#1824,3.4);
#704=CIRCLE('',#1827,3.4);
#705=CIRCLE('',#1847,2.34999999999999);
#706=CIRCLE('',#1849,2.34999999999999);
#707=CIRCLE('',#1851,6.99999999999999);
#708=CIRCLE('',#1852,5.);
#709=CIRCLE('',#1854,6.99999999999999);
#710=CIRCLE('',#1856,5.);
#711=CIRCLE('',#1858,2.34999999999999);
#712=CIRCLE('',#1861,2.34999999999999);
#713=CIRCLE('',#1864,3.4);
#714=CIRCLE('',#1865,3.4);
#715=CIRCLE('',#1866,3.4);
#716=CIRCLE('',#1874,3.4);
#717=CIRCLE('',#1875,3.4);
#718=CIRCLE('',#1878,3.4);
#719=CIRCLE('',#1879,3.4);
#720=CIRCLE('',#1881,3.4);
#721=CIRCLE('',#1885,3.4);
#722=CIRCLE('',#1888,3.4);
#723=CIRCLE('',#1891,3.4);
#724=CIRCLE('',#1894,3.4);
#725=VERTEX_POINT('',#2397);
#726=VERTEX_POINT('',#2400);
#727=VERTEX_POINT('',#2403);
#728=VERTEX_POINT('',#2405);
#729=VERTEX_POINT('',#2409);
#730=VERTEX_POINT('',#2410);
#731=VERTEX_POINT('',#2412);
#732=VERTEX_POINT('',#2414);
#733=VERTEX_POINT('',#2416);
#734=VERTEX_POINT('',#2418);
#735=VERTEX_POINT('',#2420);
#736=VERTEX_POINT('',#2422);
#737=VERTEX_POINT('',#2424);
#738=VERTEX_POINT('',#2426);
#739=VERTEX_POINT('',#2428);
#740=VERTEX_POINT('',#2430);
#741=VERTEX_POINT('',#2433);
#742=VERTEX_POINT('',#2436);
#743=VERTEX_POINT('',#2440);
#744=VERTEX_POINT('',#2445);
#745=VERTEX_POINT('',#2450);
#746=VERTEX_POINT('',#2451);
#747=VERTEX_POINT('',#2453);
#748=VERTEX_POINT('',#2455);
#749=VERTEX_POINT('',#2459);
#750=VERTEX_POINT('',#2461);
#751=VERTEX_POINT('',#2465);
#752=VERTEX_POINT('',#2467);
#753=VERTEX_POINT('',#2471);
#754=VERTEX_POINT('',#2473);
#755=VERTEX_POINT('',#2477);
#756=VERTEX_POINT('',#2479);
#757=VERTEX_POINT('',#2483);
#758=VERTEX_POINT('',#2485);
#759=VERTEX_POINT('',#2487);
#760=VERTEX_POINT('',#2489);
#761=VERTEX_POINT('',#2493);
#762=VERTEX_POINT('',#2495);
#763=VERTEX_POINT('',#2497);
#764=VERTEX_POINT('',#2501);
#765=VERTEX_POINT('',#2502);
#766=VERTEX_POINT('',#2505);
#767=VERTEX_POINT('',#2508);
#768=VERTEX_POINT('',#2510);
#769=VERTEX_POINT('',#2512);
#770=VERTEX_POINT('',#2514);
#771=VERTEX_POINT('',#2517);
#772=VERTEX_POINT('',#2519);
#773=VERTEX_POINT('',#2521);
#774=VERTEX_POINT('',#2524);
#775=VERTEX_POINT('',#2530);
#776=VERTEX_POINT('',#2532);
#777=VERTEX_POINT('',#2534);
#778=VERTEX_POINT('',#2538);
#779=VERTEX_POINT('',#2542);
#780=VERTEX_POINT('',#2543);
#781=VERTEX_POINT('',#2545);
#782=VERTEX_POINT('',#2547);
#783=VERTEX_POINT('',#2551);
#784=VERTEX_POINT('',#2553);
#785=VERTEX_POINT('',#2556);
#786=VERTEX_POINT('',#2558);
#787=VERTEX_POINT('',#2561);
#788=VERTEX_POINT('',#2563);
#789=VERTEX_POINT('',#2569);
#790=VERTEX_POINT('',#2571);
#791=VERTEX_POINT('',#2574);
#792=VERTEX_POINT('',#2575);
#793=VERTEX_POINT('',#2579);
#794=VERTEX_POINT('',#2582);
#795=VERTEX_POINT('',#2586);
#796=VERTEX_POINT('',#2591);
#797=VERTEX_POINT('',#2596);
#798=VERTEX_POINT('',#2602);
#799=VERTEX_POINT('',#2608);
#800=VERTEX_POINT('',#2612);
#801=VERTEX_POINT('',#2616);
#802=VERTEX_POINT('',#2634);
#803=VERTEX_POINT('',#2638);
#804=VERTEX_POINT('',#2642);
#805=VERTEX_POINT('',#2654);
#806=VERTEX_POINT('',#2657);
#807=VERTEX_POINT('',#2660);
#808=VERTEX_POINT('',#2662);
#809=VERTEX_POINT('',#2666);
#810=VERTEX_POINT('',#2667);
#811=VERTEX_POINT('',#2669);
#812=VERTEX_POINT('',#2671);
#813=VERTEX_POINT('',#2673);
#814=VERTEX_POINT('',#2675);
#815=VERTEX_POINT('',#2677);
#816=VERTEX_POINT('',#2679);
#817=VERTEX_POINT('',#2681);
#818=VERTEX_POINT('',#2683);
#819=VERTEX_POINT('',#2685);
#820=VERTEX_POINT('',#2687);
#821=VERTEX_POINT('',#2690);
#822=VERTEX_POINT('',#2693);
#823=VERTEX_POINT('',#2697);
#824=VERTEX_POINT('',#2702);
#825=VERTEX_POINT('',#2707);
#826=VERTEX_POINT('',#2708);
#827=VERTEX_POINT('',#2710);
#828=VERTEX_POINT('',#2712);
#829=VERTEX_POINT('',#2714);
#830=VERTEX_POINT('',#2716);
#831=VERTEX_POINT('',#2719);
#832=VERTEX_POINT('',#2721);
#833=VERTEX_POINT('',#2723);
#834=VERTEX_POINT('',#2725);
#835=VERTEX_POINT('',#2728);
#836=VERTEX_POINT('',#2730);
#837=VERTEX_POINT('',#2732);
#838=VERTEX_POINT('',#2735);
#839=VERTEX_POINT('',#2739);
#840=VERTEX_POINT('',#2743);
#841=VERTEX_POINT('',#2745);
#842=VERTEX_POINT('',#2747);
#843=VERTEX_POINT('',#2749);
#844=VERTEX_POINT('',#2751);
#845=VERTEX_POINT('',#2755);
#846=VERTEX_POINT('',#2759);
#847=VERTEX_POINT('',#2763);
#848=VERTEX_POINT('',#2764);
#849=VERTEX_POINT('',#2766);
#850=VERTEX_POINT('',#2768);
#851=VERTEX_POINT('',#2772);
#852=VERTEX_POINT('',#2774);
#853=VERTEX_POINT('',#2777);
#854=VERTEX_POINT('',#2779);
#855=VERTEX_POINT('',#2782);
#856=VERTEX_POINT('',#2784);
#857=VERTEX_POINT('',#2790);
#858=VERTEX_POINT('',#2792);
#859=VERTEX_POINT('',#2795);
#860=VERTEX_POINT('',#2796);
#861=VERTEX_POINT('',#2800);
#862=VERTEX_POINT('',#2803);
#863=VERTEX_POINT('',#2807);
#864=VERTEX_POINT('',#2812);
#865=VERTEX_POINT('',#2817);
#866=VERTEX_POINT('',#2823);
#867=VERTEX_POINT('',#2829);
#868=VERTEX_POINT('',#2833);
#869=VERTEX_POINT('',#2837);
#870=VERTEX_POINT('',#2855);
#871=VERTEX_POINT('',#2859);
#872=VERTEX_POINT('',#2863);
#873=EDGE_CURVE('',#725,#725,#681,.T.);
#874=EDGE_CURVE('',#726,#726,#682,.T.);
#875=EDGE_CURVE('',#727,#727,#683,.T.);
#876=EDGE_CURVE('',#727,#728,#85,.T.);
#877=EDGE_CURVE('',#728,#728,#684,.T.);
#878=EDGE_CURVE('',#729,#730,#86,.T.);
#879=EDGE_CURVE('',#729,#731,#87,.T.);
#880=EDGE_CURVE('',#732,#731,#88,.T.);
#881=EDGE_CURVE('',#733,#732,#89,.T.);
#882=EDGE_CURVE('',#734,#733,#90,.T.);
#883=EDGE_CURVE('',#735,#734,#91,.T.);
#884=EDGE_CURVE('',#736,#735,#92,.T.);
#885=EDGE_CURVE('',#736,#737,#93,.T.);
#886=EDGE_CURVE('',#738,#737,#94,.T.);
#887=EDGE_CURVE('',#739,#738,#95,.T.);
#888=EDGE_CURVE('',#740,#739,#96,.T.);
#889=EDGE_CURVE('',#730,#740,#97,.T.);
#890=EDGE_CURVE('',#741,#741,#685,.T.);
#891=EDGE_CURVE('',#741,#742,#98,.T.);
#892=EDGE_CURVE('',#742,#742,#686,.T.);
#893=EDGE_CURVE('',#743,#743,#687,.T.);
#894=EDGE_CURVE('',#743,#726,#99,.T.);
#895=EDGE_CURVE('',#744,#744,#688,.T.);
#896=EDGE_CURVE('',#744,#725,#100,.T.);
#897=EDGE_CURVE('',#745,#746,#689,.T.);
#898=EDGE_CURVE('',#746,#747,#101,.T.);
#899=EDGE_CURVE('',#747,#748,#690,.T.);
#900=EDGE_CURVE('',#748,#745,#102,.T.);
#901=EDGE_CURVE('',#749,#746,#103,.T.);
#902=EDGE_CURVE('',#750,#749,#104,.T.);
#903=EDGE_CURVE('',#747,#750,#105,.T.);
#904=EDGE_CURVE('',#751,#750,#691,.T.);
#905=EDGE_CURVE('',#749,#752,#692,.T.);
#906=EDGE_CURVE('',#752,#751,#106,.T.);
#907=EDGE_CURVE('',#753,#748,#107,.T.);
#908=EDGE_CURVE('',#754,#753,#108,.T.);
#909=EDGE_CURVE('',#745,#754,#109,.T.);
#910=EDGE_CURVE('',#755,#752,#110,.T.);
#911=EDGE_CURVE('',#756,#755,#111,.T.);
#912=EDGE_CURVE('',#751,#756,#112,.T.);
#913=EDGE_CURVE('',#757,#754,#113,.T.);
#914=EDGE_CURVE('',#757,#758,#114,.T.);
#915=EDGE_CURVE('',#759,#758,#115,.T.);
#916=EDGE_CURVE('',#759,#760,#116,.T.);
#917=EDGE_CURVE('',#755,#760,#117,.T.);
#918=EDGE_CURVE('',#753,#761,#118,.T.);
#919=EDGE_CURVE('',#762,#761,#119,.T.);
#920=EDGE_CURVE('',#763,#762,#120,.T.);
#921=EDGE_CURVE('',#763,#757,#121,.T.);
#922=EDGE_CURVE('',#764,#765,#122,.T.);
#923=EDGE_CURVE('',#758,#764,#123,.T.);
#924=EDGE_CURVE('',#766,#763,#124,.T.);
#925=EDGE_CURVE('',#737,#766,#125,.T.);
#926=EDGE_CURVE('',#767,#736,#126,.T.);
#927=EDGE_CURVE('',#768,#767,#127,.T.);
#928=EDGE_CURVE('',#769,#768,#128,.T.);
#929=EDGE_CURVE('',#770,#769,#129,.T.);
#930=EDGE_CURVE('',#765,#770,#130,.T.);
#931=EDGE_CURVE('',#771,#771,#693,.T.);
#932=EDGE_CURVE('',#772,#772,#694,.T.);
#933=EDGE_CURVE('',#773,#773,#695,.T.);
#934=EDGE_CURVE('',#766,#774,#131,.T.);
#935=EDGE_CURVE('',#738,#774,#132,.T.);
#936=EDGE_CURVE('',#774,#762,#133,.T.);
#937=EDGE_CURVE('',#760,#775,#134,.T.);
#938=EDGE_CURVE('',#776,#775,#135,.T.);
#939=EDGE_CURVE('',#777,#776,#136,.T.);
#940=EDGE_CURVE('',#777,#756,#137,.T.);
#941=EDGE_CURVE('',#764,#778,#138,.T.);
#942=EDGE_CURVE('',#778,#759,#139,.T.);
#943=EDGE_CURVE('',#779,#780,#140,.T.);
#944=EDGE_CURVE('',#779,#781,#141,.T.);
#945=EDGE_CURVE('',#782,#781,#142,.T.);
#946=EDGE_CURVE('',#782,#780,#143,.T.);
#947=EDGE_CURVE('',#783,#779,#144,.T.);
#948=EDGE_CURVE('',#783,#784,#145,.T.);
#949=EDGE_CURVE('',#784,#781,#146,.T.);
#950=EDGE_CURVE('',#785,#785,#696,.T.);
#951=EDGE_CURVE('',#786,#786,#697,.T.);
#952=EDGE_CURVE('',#787,#767,#147,.T.);
#953=EDGE_CURVE('',#787,#788,#148,.T.);
#954=EDGE_CURVE('',#788,#768,#149,.T.);
#955=EDGE_CURVE('',#780,#787,#150,.T.);
#956=EDGE_CURVE('',#782,#788,#151,.T.);
#957=EDGE_CURVE('',#789,#789,#698,.T.);
#958=EDGE_CURVE('',#790,#790,#699,.T.);
#959=EDGE_CURVE('',#791,#792,#152,.T.);
#960=EDGE_CURVE('',#777,#791,#153,.T.);
#961=EDGE_CURVE('',#792,#776,#154,.T.);
#962=EDGE_CURVE('',#793,#793,#700,.T.);
#963=EDGE_CURVE('',#775,#794,#155,.T.);
#964=EDGE_CURVE('',#792,#794,#156,.T.);
#965=EDGE_CURVE('',#795,#791,#157,.T.);
#966=EDGE_CURVE('',#795,#761,#158,.T.);
#967=EDGE_CURVE('',#774,#795,#159,.T.);
#968=EDGE_CURVE('',#796,#796,#701,.T.);
#969=EDGE_CURVE('',#796,#773,#160,.T.);
#970=EDGE_CURVE('',#797,#797,#702,.T.);
#971=EDGE_CURVE('',#797,#793,#161,.T.);
#972=EDGE_CURVE('',#790,#772,#162,.T.);
#973=EDGE_CURVE('',#798,#798,#703,.T.);
#974=EDGE_CURVE('',#798,#786,#163,.T.);
#975=EDGE_CURVE('',#789,#771,#164,.T.);
#976=EDGE_CURVE('',#799,#799,#704,.T.);
#977=EDGE_CURVE('',#799,#785,#165,.T.);
#978=EDGE_CURVE('',#800,#765,#166,.T.);
#979=EDGE_CURVE('',#800,#778,#167,.T.);
#980=EDGE_CURVE('',#770,#801,#168,.T.);
#981=EDGE_CURVE('',#801,#800,#169,.T.);
#982=EDGE_CURVE('',#739,#795,#170,.T.);
#983=EDGE_CURVE('',#740,#791,#171,.T.);
#984=EDGE_CURVE('',#730,#792,#172,.T.);
#985=EDGE_CURVE('',#787,#735,#173,.T.);
#986=EDGE_CURVE('',#732,#783,#174,.T.);
#987=EDGE_CURVE('',#733,#779,#175,.T.);
#988=EDGE_CURVE('',#734,#780,#176,.T.);
#989=EDGE_CURVE('',#802,#769,#177,.F.);
#990=EDGE_CURVE('',#802,#801,#178,.T.);
#991=EDGE_CURVE('',#803,#784,#179,.T.);
#992=EDGE_CURVE('',#803,#802,#180,.T.);
#993=EDGE_CURVE('',#804,#803,#181,.T.);
#994=EDGE_CURVE('',#804,#783,#182,.T.);
#995=EDGE_CURVE('',#731,#804,#183,.T.);
#996=EDGE_CURVE('',#794,#729,#184,.T.);
#997=EDGE_CURVE('',#805,#805,#705,.T.);
#998=EDGE_CURVE('',#806,#806,#706,.T.);
#999=EDGE_CURVE('',#807,#807,#707,.T.);
#1000=EDGE_CURVE('',#807,#808,#185,.T.);
#1001=EDGE_CURVE('',#808,#808,#708,.T.);
#1002=EDGE_CURVE('',#809,#810,#186,.T.);
#1003=EDGE_CURVE('',#811,#810,#187,.T.);
#1004=EDGE_CURVE('',#811,#812,#188,.T.);
#1005=EDGE_CURVE('',#812,#813,#189,.T.);
#1006=EDGE_CURVE('',#813,#814,#190,.T.);
#1007=EDGE_CURVE('',#814,#815,#191,.T.);
#1008=EDGE_CURVE('',#815,#816,#192,.T.);
#1009=EDGE_CURVE('',#817,#816,#193,.T.);
#1010=EDGE_CURVE('',#817,#818,#194,.T.);
#1011=EDGE_CURVE('',#818,#819,#195,.T.);
#1012=EDGE_CURVE('',#819,#820,#196,.T.);
#1013=EDGE_CURVE('',#820,#809,#197,.T.);
#1014=EDGE_CURVE('',#821,#821,#709,.T.);
#1015=EDGE_CURVE('',#821,#822,#198,.T.);
#1016=EDGE_CURVE('',#822,#822,#710,.T.);
#1017=EDGE_CURVE('',#823,#823,#711,.T.);
#1018=EDGE_CURVE('',#823,#806,#199,.T.);
#1019=EDGE_CURVE('',#824,#824,#712,.T.);
#1020=EDGE_CURVE('',#824,#805,#200,.T.);
#1021=EDGE_CURVE('',#825,#826,#201,.T.);
#1022=EDGE_CURVE('',#826,#827,#202,.T.);
#1023=EDGE_CURVE('',#827,#828,#203,.T.);
#1024=EDGE_CURVE('',#828,#829,#204,.T.);
#1025=EDGE_CURVE('',#829,#830,#205,.T.);
#1026=EDGE_CURVE('',#830,#811,#206,.T.);
#1027=EDGE_CURVE('',#810,#831,#207,.T.);
#1028=EDGE_CURVE('',#831,#832,#208,.T.);
#1029=EDGE_CURVE('',#832,#833,#209,.T.);
#1030=EDGE_CURVE('',#833,#834,#210,.T.);
#1031=EDGE_CURVE('',#834,#825,#211,.T.);
#1032=EDGE_CURVE('',#835,#835,#713,.T.);
#1033=EDGE_CURVE('',#836,#836,#714,.T.);
#1034=EDGE_CURVE('',#837,#837,#715,.T.);
#1035=EDGE_CURVE('',#809,#838,#212,.T.);
#1036=EDGE_CURVE('',#831,#838,#213,.T.);
#1037=EDGE_CURVE('',#838,#839,#214,.T.);
#1038=EDGE_CURVE('',#832,#839,#215,.T.);
#1039=EDGE_CURVE('',#839,#840,#216,.T.);
#1040=EDGE_CURVE('',#841,#840,#217,.T.);
#1041=EDGE_CURVE('',#841,#842,#218,.T.);
#1042=EDGE_CURVE('',#842,#843,#219,.T.);
#1043=EDGE_CURVE('',#844,#843,#220,.T.);
#1044=EDGE_CURVE('',#833,#844,#221,.T.);
#1045=EDGE_CURVE('',#845,#844,#222,.T.);
#1046=EDGE_CURVE('',#845,#834,#223,.T.);
#1047=EDGE_CURVE('',#846,#845,#224,.T.);
#1048=EDGE_CURVE('',#825,#846,#225,.T.);
#1049=EDGE_CURVE('',#847,#848,#226,.T.);
#1050=EDGE_CURVE('',#849,#848,#227,.T.);
#1051=EDGE_CURVE('',#849,#850,#228,.T.);
#1052=EDGE_CURVE('',#847,#850,#229,.T.);
#1053=EDGE_CURVE('',#851,#847,#230,.T.);
#1054=EDGE_CURVE('',#852,#850,#231,.T.);
#1055=EDGE_CURVE('',#851,#852,#232,.T.);
#1056=EDGE_CURVE('',#853,#853,#716,.T.);
#1057=EDGE_CURVE('',#854,#854,#717,.T.);
#1058=EDGE_CURVE('',#855,#829,#233,.T.);
#1059=EDGE_CURVE('',#856,#855,#234,.T.);
#1060=EDGE_CURVE('',#856,#830,#235,.T.);
#1061=EDGE_CURVE('',#848,#856,#236,.T.);
#1062=EDGE_CURVE('',#849,#855,#237,.T.);
#1063=EDGE_CURVE('',#857,#857,#718,.T.);
#1064=EDGE_CURVE('',#858,#858,#719,.T.);
#1065=EDGE_CURVE('',#859,#860,#238,.T.);
#1066=EDGE_CURVE('',#860,#842,#239,.T.);
#1067=EDGE_CURVE('',#841,#859,#240,.T.);
#1068=EDGE_CURVE('',#861,#861,#720,.T.);
#1069=EDGE_CURVE('',#843,#862,#241,.T.);
#1070=EDGE_CURVE('',#860,#862,#242,.T.);
#1071=EDGE_CURVE('',#863,#859,#243,.T.);
#1072=EDGE_CURVE('',#863,#840,#244,.T.);
#1073=EDGE_CURVE('',#838,#863,#245,.T.);
#1074=EDGE_CURVE('',#864,#864,#721,.T.);
#1075=EDGE_CURVE('',#864,#837,#246,.T.);
#1076=EDGE_CURVE('',#865,#865,#722,.T.);
#1077=EDGE_CURVE('',#865,#861,#247,.T.);
#1078=EDGE_CURVE('',#858,#836,#248,.T.);
#1079=EDGE_CURVE('',#866,#866,#723,.T.);
#1080=EDGE_CURVE('',#866,#854,#249,.T.);
#1081=EDGE_CURVE('',#857,#835,#250,.T.);
#1082=EDGE_CURVE('',#867,#867,#724,.T.);
#1083=EDGE_CURVE('',#867,#853,#251,.T.);
#1084=EDGE_CURVE('',#868,#846,#252,.T.);
#1085=EDGE_CURVE('',#868,#826,#253,.T.);
#1086=EDGE_CURVE('',#869,#868,#254,.T.);
#1087=EDGE_CURVE('',#827,#869,#255,.T.);
#1088=EDGE_CURVE('',#820,#863,#256,.T.);
#1089=EDGE_CURVE('',#819,#859,#257,.T.);
#1090=EDGE_CURVE('',#818,#860,#258,.T.);
#1091=EDGE_CURVE('',#856,#812,#259,.T.);
#1092=EDGE_CURVE('',#814,#847,#260,.T.);
#1093=EDGE_CURVE('',#815,#851,#261,.T.);
#1094=EDGE_CURVE('',#813,#848,#262,.T.);
#1095=EDGE_CURVE('',#870,#869,#263,.T.);
#1096=EDGE_CURVE('',#870,#828,#264,.F.);
#1097=EDGE_CURVE('',#871,#870,#265,.T.);
#1098=EDGE_CURVE('',#871,#852,#266,.T.);
#1099=EDGE_CURVE('',#872,#871,#267,.T.);
#1100=EDGE_CURVE('',#872,#851,#268,.T.);
#1101=EDGE_CURVE('',#816,#872,#269,.T.);
#1102=EDGE_CURVE('',#862,#817,#270,.T.);
#1103=ORIENTED_EDGE('',*,*,#873,.F.);
#1104=ORIENTED_EDGE('',*,*,#874,.F.);
#1105=ORIENTED_EDGE('',*,*,#875,.T.);
#1106=ORIENTED_EDGE('',*,*,#876,.T.);
#1107=ORIENTED_EDGE('',*,*,#877,.F.);
#1108=ORIENTED_EDGE('',*,*,#876,.F.);
#1109=ORIENTED_EDGE('',*,*,#878,.F.);
#1110=ORIENTED_EDGE('',*,*,#879,.T.);
#1111=ORIENTED_EDGE('',*,*,#880,.F.);
#1112=ORIENTED_EDGE('',*,*,#881,.F.);
#1113=ORIENTED_EDGE('',*,*,#882,.F.);
#1114=ORIENTED_EDGE('',*,*,#883,.F.);
#1115=ORIENTED_EDGE('',*,*,#884,.F.);
#1116=ORIENTED_EDGE('',*,*,#885,.T.);
#1117=ORIENTED_EDGE('',*,*,#886,.F.);
#1118=ORIENTED_EDGE('',*,*,#887,.F.);
#1119=ORIENTED_EDGE('',*,*,#888,.F.);
#1120=ORIENTED_EDGE('',*,*,#889,.F.);
#1121=ORIENTED_EDGE('',*,*,#890,.F.);
#1122=ORIENTED_EDGE('',*,*,#875,.F.);
#1123=ORIENTED_EDGE('',*,*,#890,.T.);
#1124=ORIENTED_EDGE('',*,*,#891,.T.);
#1125=ORIENTED_EDGE('',*,*,#892,.F.);
#1126=ORIENTED_EDGE('',*,*,#891,.F.);
#1127=ORIENTED_EDGE('',*,*,#893,.F.);
#1128=ORIENTED_EDGE('',*,*,#894,.T.);
#1129=ORIENTED_EDGE('',*,*,#874,.T.);
#1130=ORIENTED_EDGE('',*,*,#894,.F.);
#1131=ORIENTED_EDGE('',*,*,#877,.T.);
#1132=ORIENTED_EDGE('',*,*,#893,.T.);
#1133=ORIENTED_EDGE('',*,*,#895,.F.);
#1134=ORIENTED_EDGE('',*,*,#896,.T.);
#1135=ORIENTED_EDGE('',*,*,#873,.T.);
#1136=ORIENTED_EDGE('',*,*,#896,.F.);
#1137=ORIENTED_EDGE('',*,*,#892,.T.);
#1138=ORIENTED_EDGE('',*,*,#895,.T.);
#1139=ORIENTED_EDGE('',*,*,#897,.T.);
#1140=ORIENTED_EDGE('',*,*,#898,.T.);
#1141=ORIENTED_EDGE('',*,*,#899,.T.);
#1142=ORIENTED_EDGE('',*,*,#900,.T.);
#1143=ORIENTED_EDGE('',*,*,#898,.F.);
#1144=ORIENTED_EDGE('',*,*,#901,.F.);
#1145=ORIENTED_EDGE('',*,*,#902,.F.);
#1146=ORIENTED_EDGE('',*,*,#903,.F.);
#1147=ORIENTED_EDGE('',*,*,#904,.T.);
#1148=ORIENTED_EDGE('',*,*,#902,.T.);
#1149=ORIENTED_EDGE('',*,*,#905,.T.);
#1150=ORIENTED_EDGE('',*,*,#906,.T.);
#1151=ORIENTED_EDGE('',*,*,#900,.F.);
#1152=ORIENTED_EDGE('',*,*,#907,.F.);
#1153=ORIENTED_EDGE('',*,*,#908,.F.);
#1154=ORIENTED_EDGE('',*,*,#909,.F.);
#1155=ORIENTED_EDGE('',*,*,#906,.F.);
#1156=ORIENTED_EDGE('',*,*,#910,.F.);
#1157=ORIENTED_EDGE('',*,*,#911,.F.);
#1158=ORIENTED_EDGE('',*,*,#912,.F.);
#1159=ORIENTED_EDGE('',*,*,#910,.T.);
#1160=ORIENTED_EDGE('',*,*,#905,.F.);
#1161=ORIENTED_EDGE('',*,*,#901,.T.);
#1162=ORIENTED_EDGE('',*,*,#897,.F.);
#1163=ORIENTED_EDGE('',*,*,#909,.T.);
#1164=ORIENTED_EDGE('',*,*,#913,.F.);
#1165=ORIENTED_EDGE('',*,*,#914,.T.);
#1166=ORIENTED_EDGE('',*,*,#915,.F.);
#1167=ORIENTED_EDGE('',*,*,#916,.T.);
#1168=ORIENTED_EDGE('',*,*,#917,.F.);
#1169=ORIENTED_EDGE('',*,*,#908,.T.);
#1170=ORIENTED_EDGE('',*,*,#918,.T.);
#1171=ORIENTED_EDGE('',*,*,#919,.F.);
#1172=ORIENTED_EDGE('',*,*,#920,.F.);
#1173=ORIENTED_EDGE('',*,*,#921,.T.);
#1174=ORIENTED_EDGE('',*,*,#913,.T.);
#1175=ORIENTED_EDGE('',*,*,#922,.F.);
#1176=ORIENTED_EDGE('',*,*,#923,.F.);
#1177=ORIENTED_EDGE('',*,*,#914,.F.);
#1178=ORIENTED_EDGE('',*,*,#921,.F.);
#1179=ORIENTED_EDGE('',*,*,#924,.F.);
#1180=ORIENTED_EDGE('',*,*,#925,.F.);
#1181=ORIENTED_EDGE('',*,*,#885,.F.);
#1182=ORIENTED_EDGE('',*,*,#926,.F.);
#1183=ORIENTED_EDGE('',*,*,#927,.F.);
#1184=ORIENTED_EDGE('',*,*,#928,.F.);
#1185=ORIENTED_EDGE('',*,*,#929,.F.);
#1186=ORIENTED_EDGE('',*,*,#930,.F.);
#1187=ORIENTED_EDGE('',*,*,#931,.F.);
#1188=ORIENTED_EDGE('',*,*,#932,.F.);
#1189=ORIENTED_EDGE('',*,*,#933,.F.);
#1190=ORIENTED_EDGE('',*,*,#925,.T.);
#1191=ORIENTED_EDGE('',*,*,#934,.T.);
#1192=ORIENTED_EDGE('',*,*,#935,.F.);
#1193=ORIENTED_EDGE('',*,*,#886,.T.);
#1194=ORIENTED_EDGE('',*,*,#924,.T.);
#1195=ORIENTED_EDGE('',*,*,#920,.T.);
#1196=ORIENTED_EDGE('',*,*,#936,.F.);
#1197=ORIENTED_EDGE('',*,*,#934,.F.);
#1198=ORIENTED_EDGE('',*,*,#911,.T.);
#1199=ORIENTED_EDGE('',*,*,#917,.T.);
#1200=ORIENTED_EDGE('',*,*,#937,.T.);
#1201=ORIENTED_EDGE('',*,*,#938,.F.);
#1202=ORIENTED_EDGE('',*,*,#939,.F.);
#1203=ORIENTED_EDGE('',*,*,#940,.T.);
#1204=ORIENTED_EDGE('',*,*,#923,.T.);
#1205=ORIENTED_EDGE('',*,*,#941,.T.);
#1206=ORIENTED_EDGE('',*,*,#942,.T.);
#1207=ORIENTED_EDGE('',*,*,#915,.T.);
#1208=ORIENTED_EDGE('',*,*,#943,.F.);
#1209=ORIENTED_EDGE('',*,*,#944,.T.);
#1210=ORIENTED_EDGE('',*,*,#945,.F.);
#1211=ORIENTED_EDGE('',*,*,#946,.T.);
#1212=ORIENTED_EDGE('',*,*,#947,.F.);
#1213=ORIENTED_EDGE('',*,*,#948,.T.);
#1214=ORIENTED_EDGE('',*,*,#949,.T.);
#1215=ORIENTED_EDGE('',*,*,#944,.F.);
#1216=ORIENTED_EDGE('',*,*,#950,.T.);
#1217=ORIENTED_EDGE('',*,*,#951,.T.);
#1218=ORIENTED_EDGE('',*,*,#927,.T.);
#1219=ORIENTED_EDGE('',*,*,#952,.F.);
#1220=ORIENTED_EDGE('',*,*,#953,.T.);
#1221=ORIENTED_EDGE('',*,*,#954,.T.);
#1222=ORIENTED_EDGE('',*,*,#955,.F.);
#1223=ORIENTED_EDGE('',*,*,#946,.F.);
#1224=ORIENTED_EDGE('',*,*,#956,.T.);
#1225=ORIENTED_EDGE('',*,*,#953,.F.);
#1226=ORIENTED_EDGE('',*,*,#957,.T.);
#1227=ORIENTED_EDGE('',*,*,#958,.T.);
#1228=ORIENTED_EDGE('',*,*,#959,.F.);
#1229=ORIENTED_EDGE('',*,*,#960,.F.);
#1230=ORIENTED_EDGE('',*,*,#939,.T.);
#1231=ORIENTED_EDGE('',*,*,#961,.F.);
#1232=ORIENTED_EDGE('',*,*,#962,.T.);
#1233=ORIENTED_EDGE('',*,*,#963,.T.);
#1234=ORIENTED_EDGE('',*,*,#964,.F.);
#1235=ORIENTED_EDGE('',*,*,#961,.T.);
#1236=ORIENTED_EDGE('',*,*,#938,.T.);
#1237=ORIENTED_EDGE('',*,*,#912,.T.);
#1238=ORIENTED_EDGE('',*,*,#940,.F.);
#1239=ORIENTED_EDGE('',*,*,#960,.T.);
#1240=ORIENTED_EDGE('',*,*,#965,.F.);
#1241=ORIENTED_EDGE('',*,*,#966,.T.);
#1242=ORIENTED_EDGE('',*,*,#918,.F.);
#1243=ORIENTED_EDGE('',*,*,#907,.T.);
#1244=ORIENTED_EDGE('',*,*,#899,.F.);
#1245=ORIENTED_EDGE('',*,*,#903,.T.);
#1246=ORIENTED_EDGE('',*,*,#904,.F.);
#1247=ORIENTED_EDGE('',*,*,#967,.F.);
#1248=ORIENTED_EDGE('',*,*,#936,.T.);
#1249=ORIENTED_EDGE('',*,*,#919,.T.);
#1250=ORIENTED_EDGE('',*,*,#966,.F.);
#1251=ORIENTED_EDGE('',*,*,#968,.T.);
#1252=ORIENTED_EDGE('',*,*,#968,.F.);
#1253=ORIENTED_EDGE('',*,*,#969,.T.);
#1254=ORIENTED_EDGE('',*,*,#933,.T.);
#1255=ORIENTED_EDGE('',*,*,#969,.F.);
#1256=ORIENTED_EDGE('',*,*,#970,.T.);
#1257=ORIENTED_EDGE('',*,*,#971,.T.);
#1258=ORIENTED_EDGE('',*,*,#962,.F.);
#1259=ORIENTED_EDGE('',*,*,#971,.F.);
#1260=ORIENTED_EDGE('',*,*,#958,.F.);
#1261=ORIENTED_EDGE('',*,*,#972,.T.);
#1262=ORIENTED_EDGE('',*,*,#932,.T.);
#1263=ORIENTED_EDGE('',*,*,#972,.F.);
#1264=ORIENTED_EDGE('',*,*,#973,.T.);
#1265=ORIENTED_EDGE('',*,*,#974,.T.);
#1266=ORIENTED_EDGE('',*,*,#951,.F.);
#1267=ORIENTED_EDGE('',*,*,#974,.F.);
#1268=ORIENTED_EDGE('',*,*,#957,.F.);
#1269=ORIENTED_EDGE('',*,*,#975,.T.);
#1270=ORIENTED_EDGE('',*,*,#931,.T.);
#1271=ORIENTED_EDGE('',*,*,#975,.F.);
#1272=ORIENTED_EDGE('',*,*,#976,.T.);
#1273=ORIENTED_EDGE('',*,*,#977,.T.);
#1274=ORIENTED_EDGE('',*,*,#950,.F.);
#1275=ORIENTED_EDGE('',*,*,#977,.F.);
#1276=ORIENTED_EDGE('',*,*,#922,.T.);
#1277=ORIENTED_EDGE('',*,*,#978,.F.);
#1278=ORIENTED_EDGE('',*,*,#979,.T.);
#1279=ORIENTED_EDGE('',*,*,#941,.F.);
#1280=ORIENTED_EDGE('',*,*,#930,.T.);
#1281=ORIENTED_EDGE('',*,*,#980,.T.);
#1282=ORIENTED_EDGE('',*,*,#981,.T.);
#1283=ORIENTED_EDGE('',*,*,#978,.T.);
#1284=ORIENTED_EDGE('',*,*,#967,.T.);
#1285=ORIENTED_EDGE('',*,*,#982,.F.);
#1286=ORIENTED_EDGE('',*,*,#887,.T.);
#1287=ORIENTED_EDGE('',*,*,#935,.T.);
#1288=ORIENTED_EDGE('',*,*,#965,.T.);
#1289=ORIENTED_EDGE('',*,*,#983,.F.);
#1290=ORIENTED_EDGE('',*,*,#888,.T.);
#1291=ORIENTED_EDGE('',*,*,#982,.T.);
#1292=ORIENTED_EDGE('',*,*,#959,.T.);
#1293=ORIENTED_EDGE('',*,*,#984,.F.);
#1294=ORIENTED_EDGE('',*,*,#889,.T.);
#1295=ORIENTED_EDGE('',*,*,#983,.T.);
#1296=ORIENTED_EDGE('',*,*,#926,.T.);
#1297=ORIENTED_EDGE('',*,*,#884,.T.);
#1298=ORIENTED_EDGE('',*,*,#985,.F.);
#1299=ORIENTED_EDGE('',*,*,#952,.T.);
#1300=ORIENTED_EDGE('',*,*,#881,.T.);
#1301=ORIENTED_EDGE('',*,*,#986,.T.);
#1302=ORIENTED_EDGE('',*,*,#947,.T.);
#1303=ORIENTED_EDGE('',*,*,#987,.F.);
#1304=ORIENTED_EDGE('',*,*,#882,.T.);
#1305=ORIENTED_EDGE('',*,*,#987,.T.);
#1306=ORIENTED_EDGE('',*,*,#943,.T.);
#1307=ORIENTED_EDGE('',*,*,#988,.F.);
#1308=ORIENTED_EDGE('',*,*,#883,.T.);
#1309=ORIENTED_EDGE('',*,*,#988,.T.);
#1310=ORIENTED_EDGE('',*,*,#955,.T.);
#1311=ORIENTED_EDGE('',*,*,#985,.T.);
#1312=ORIENTED_EDGE('',*,*,#929,.T.);
#1313=ORIENTED_EDGE('',*,*,#989,.F.);
#1314=ORIENTED_EDGE('',*,*,#990,.T.);
#1315=ORIENTED_EDGE('',*,*,#980,.F.);
#1316=ORIENTED_EDGE('',*,*,#928,.T.);
#1317=ORIENTED_EDGE('',*,*,#954,.F.);
#1318=ORIENTED_EDGE('',*,*,#956,.F.);
#1319=ORIENTED_EDGE('',*,*,#945,.T.);
#1320=ORIENTED_EDGE('',*,*,#949,.F.);
#1321=ORIENTED_EDGE('',*,*,#991,.F.);
#1322=ORIENTED_EDGE('',*,*,#992,.T.);
#1323=ORIENTED_EDGE('',*,*,#989,.T.);
#1324=ORIENTED_EDGE('',*,*,#993,.T.);
#1325=ORIENTED_EDGE('',*,*,#991,.T.);
#1326=ORIENTED_EDGE('',*,*,#948,.F.);
#1327=ORIENTED_EDGE('',*,*,#994,.F.);
#1328=ORIENTED_EDGE('',*,*,#995,.T.);
#1329=ORIENTED_EDGE('',*,*,#994,.T.);
#1330=ORIENTED_EDGE('',*,*,#986,.F.);
#1331=ORIENTED_EDGE('',*,*,#880,.T.);
#1332=ORIENTED_EDGE('',*,*,#996,.T.);
#1333=ORIENTED_EDGE('',*,*,#878,.T.);
#1334=ORIENTED_EDGE('',*,*,#984,.T.);
#1335=ORIENTED_EDGE('',*,*,#964,.T.);
#1336=ORIENTED_EDGE('',*,*,#981,.F.);
#1337=ORIENTED_EDGE('',*,*,#990,.F.);
#1338=ORIENTED_EDGE('',*,*,#992,.F.);
#1339=ORIENTED_EDGE('',*,*,#993,.F.);
#1340=ORIENTED_EDGE('',*,*,#995,.F.);
#1341=ORIENTED_EDGE('',*,*,#879,.F.);
#1342=ORIENTED_EDGE('',*,*,#996,.F.);
#1343=ORIENTED_EDGE('',*,*,#963,.F.);
#1344=ORIENTED_EDGE('',*,*,#937,.F.);
#1345=ORIENTED_EDGE('',*,*,#916,.F.);
#1346=ORIENTED_EDGE('',*,*,#942,.F.);
#1347=ORIENTED_EDGE('',*,*,#979,.F.);
#1348=ORIENTED_EDGE('',*,*,#970,.F.);
#1349=ORIENTED_EDGE('',*,*,#973,.F.);
#1350=ORIENTED_EDGE('',*,*,#976,.F.);
#1351=ORIENTED_EDGE('',*,*,#997,.F.);
#1352=ORIENTED_EDGE('',*,*,#998,.F.);
#1353=ORIENTED_EDGE('',*,*,#999,.T.);
#1354=ORIENTED_EDGE('',*,*,#1000,.T.);
#1355=ORIENTED_EDGE('',*,*,#1001,.F.);
#1356=ORIENTED_EDGE('',*,*,#1000,.F.);
#1357=ORIENTED_EDGE('',*,*,#1002,.T.);
#1358=ORIENTED_EDGE('',*,*,#1003,.F.);
#1359=ORIENTED_EDGE('',*,*,#1004,.T.);
#1360=ORIENTED_EDGE('',*,*,#1005,.T.);
#1361=ORIENTED_EDGE('',*,*,#1006,.T.);
#1362=ORIENTED_EDGE('',*,*,#1007,.T.);
#1363=ORIENTED_EDGE('',*,*,#1008,.T.);
#1364=ORIENTED_EDGE('',*,*,#1009,.F.);
#1365=ORIENTED_EDGE('',*,*,#1010,.T.);
#1366=ORIENTED_EDGE('',*,*,#1011,.T.);
#1367=ORIENTED_EDGE('',*,*,#1012,.T.);
#1368=ORIENTED_EDGE('',*,*,#1013,.T.);
#1369=ORIENTED_EDGE('',*,*,#1014,.F.);
#1370=ORIENTED_EDGE('',*,*,#999,.F.);
#1371=ORIENTED_EDGE('',*,*,#1014,.T.);
#1372=ORIENTED_EDGE('',*,*,#1015,.T.);
#1373=ORIENTED_EDGE('',*,*,#1016,.F.);
#1374=ORIENTED_EDGE('',*,*,#1015,.F.);
#1375=ORIENTED_EDGE('',*,*,#1017,.F.);
#1376=ORIENTED_EDGE('',*,*,#1018,.T.);
#1377=ORIENTED_EDGE('',*,*,#998,.T.);
#1378=ORIENTED_EDGE('',*,*,#1018,.F.);
#1379=ORIENTED_EDGE('',*,*,#1001,.T.);
#1380=ORIENTED_EDGE('',*,*,#1017,.T.);
#1381=ORIENTED_EDGE('',*,*,#1019,.F.);
#1382=ORIENTED_EDGE('',*,*,#1020,.T.);
#1383=ORIENTED_EDGE('',*,*,#997,.T.);
#1384=ORIENTED_EDGE('',*,*,#1020,.F.);
#1385=ORIENTED_EDGE('',*,*,#1016,.T.);
#1386=ORIENTED_EDGE('',*,*,#1019,.T.);
#1387=ORIENTED_EDGE('',*,*,#1021,.T.);
#1388=ORIENTED_EDGE('',*,*,#1022,.T.);
#1389=ORIENTED_EDGE('',*,*,#1023,.T.);
#1390=ORIENTED_EDGE('',*,*,#1024,.T.);
#1391=ORIENTED_EDGE('',*,*,#1025,.T.);
#1392=ORIENTED_EDGE('',*,*,#1026,.T.);
#1393=ORIENTED_EDGE('',*,*,#1003,.T.);
#1394=ORIENTED_EDGE('',*,*,#1027,.T.);
#1395=ORIENTED_EDGE('',*,*,#1028,.T.);
#1396=ORIENTED_EDGE('',*,*,#1029,.T.);
#1397=ORIENTED_EDGE('',*,*,#1030,.T.);
#1398=ORIENTED_EDGE('',*,*,#1031,.T.);
#1399=ORIENTED_EDGE('',*,*,#1032,.T.);
#1400=ORIENTED_EDGE('',*,*,#1033,.T.);
#1401=ORIENTED_EDGE('',*,*,#1034,.T.);
#1402=ORIENTED_EDGE('',*,*,#1027,.F.);
#1403=ORIENTED_EDGE('',*,*,#1002,.F.);
#1404=ORIENTED_EDGE('',*,*,#1035,.T.);
#1405=ORIENTED_EDGE('',*,*,#1036,.F.);
#1406=ORIENTED_EDGE('',*,*,#1028,.F.);
#1407=ORIENTED_EDGE('',*,*,#1036,.T.);
#1408=ORIENTED_EDGE('',*,*,#1037,.T.);
#1409=ORIENTED_EDGE('',*,*,#1038,.F.);
#1410=ORIENTED_EDGE('',*,*,#1029,.F.);
#1411=ORIENTED_EDGE('',*,*,#1038,.T.);
#1412=ORIENTED_EDGE('',*,*,#1039,.T.);
#1413=ORIENTED_EDGE('',*,*,#1040,.F.);
#1414=ORIENTED_EDGE('',*,*,#1041,.T.);
#1415=ORIENTED_EDGE('',*,*,#1042,.T.);
#1416=ORIENTED_EDGE('',*,*,#1043,.F.);
#1417=ORIENTED_EDGE('',*,*,#1044,.F.);
#1418=ORIENTED_EDGE('',*,*,#1030,.F.);
#1419=ORIENTED_EDGE('',*,*,#1044,.T.);
#1420=ORIENTED_EDGE('',*,*,#1045,.F.);
#1421=ORIENTED_EDGE('',*,*,#1046,.T.);
#1422=ORIENTED_EDGE('',*,*,#1031,.F.);
#1423=ORIENTED_EDGE('',*,*,#1046,.F.);
#1424=ORIENTED_EDGE('',*,*,#1047,.F.);
#1425=ORIENTED_EDGE('',*,*,#1048,.F.);
#1426=ORIENTED_EDGE('',*,*,#1049,.T.);
#1427=ORIENTED_EDGE('',*,*,#1050,.F.);
#1428=ORIENTED_EDGE('',*,*,#1051,.T.);
#1429=ORIENTED_EDGE('',*,*,#1052,.F.);
#1430=ORIENTED_EDGE('',*,*,#1053,.T.);
#1431=ORIENTED_EDGE('',*,*,#1052,.T.);
#1432=ORIENTED_EDGE('',*,*,#1054,.F.);
#1433=ORIENTED_EDGE('',*,*,#1055,.F.);
#1434=ORIENTED_EDGE('',*,*,#1056,.F.);
#1435=ORIENTED_EDGE('',*,*,#1057,.F.);
#1436=ORIENTED_EDGE('',*,*,#1025,.F.);
#1437=ORIENTED_EDGE('',*,*,#1058,.F.);
#1438=ORIENTED_EDGE('',*,*,#1059,.F.);
#1439=ORIENTED_EDGE('',*,*,#1060,.T.);
#1440=ORIENTED_EDGE('',*,*,#1061,.T.);
#1441=ORIENTED_EDGE('',*,*,#1059,.T.);
#1442=ORIENTED_EDGE('',*,*,#1062,.F.);
#1443=ORIENTED_EDGE('',*,*,#1050,.T.);
#1444=ORIENTED_EDGE('',*,*,#1063,.F.);
#1445=ORIENTED_EDGE('',*,*,#1064,.F.);
#1446=ORIENTED_EDGE('',*,*,#1065,.T.);
#1447=ORIENTED_EDGE('',*,*,#1066,.T.);
#1448=ORIENTED_EDGE('',*,*,#1041,.F.);
#1449=ORIENTED_EDGE('',*,*,#1067,.T.);
#1450=ORIENTED_EDGE('',*,*,#1068,.F.);
#1451=ORIENTED_EDGE('',*,*,#1069,.F.);
#1452=ORIENTED_EDGE('',*,*,#1042,.F.);
#1453=ORIENTED_EDGE('',*,*,#1066,.F.);
#1454=ORIENTED_EDGE('',*,*,#1070,.T.);
#1455=ORIENTED_EDGE('',*,*,#1071,.T.);
#1456=ORIENTED_EDGE('',*,*,#1067,.F.);
#1457=ORIENTED_EDGE('',*,*,#1040,.T.);
#1458=ORIENTED_EDGE('',*,*,#1072,.F.);
#1459=ORIENTED_EDGE('',*,*,#1073,.T.);
#1460=ORIENTED_EDGE('',*,*,#1072,.T.);
#1461=ORIENTED_EDGE('',*,*,#1039,.F.);
#1462=ORIENTED_EDGE('',*,*,#1037,.F.);
#1463=ORIENTED_EDGE('',*,*,#1074,.F.);
#1464=ORIENTED_EDGE('',*,*,#1074,.T.);
#1465=ORIENTED_EDGE('',*,*,#1075,.T.);
#1466=ORIENTED_EDGE('',*,*,#1034,.F.);
#1467=ORIENTED_EDGE('',*,*,#1075,.F.);
#1468=ORIENTED_EDGE('',*,*,#1076,.F.);
#1469=ORIENTED_EDGE('',*,*,#1077,.T.);
#1470=ORIENTED_EDGE('',*,*,#1068,.T.);
#1471=ORIENTED_EDGE('',*,*,#1077,.F.);
#1472=ORIENTED_EDGE('',*,*,#1064,.T.);
#1473=ORIENTED_EDGE('',*,*,#1078,.T.);
#1474=ORIENTED_EDGE('',*,*,#1033,.F.);
#1475=ORIENTED_EDGE('',*,*,#1078,.F.);
#1476=ORIENTED_EDGE('',*,*,#1079,.F.);
#1477=ORIENTED_EDGE('',*,*,#1080,.T.);
#1478=ORIENTED_EDGE('',*,*,#1057,.T.);
#1479=ORIENTED_EDGE('',*,*,#1080,.F.);
#1480=ORIENTED_EDGE('',*,*,#1063,.T.);
#1481=ORIENTED_EDGE('',*,*,#1081,.T.);
#1482=ORIENTED_EDGE('',*,*,#1032,.F.);
#1483=ORIENTED_EDGE('',*,*,#1081,.F.);
#1484=ORIENTED_EDGE('',*,*,#1082,.F.);
#1485=ORIENTED_EDGE('',*,*,#1083,.T.);
#1486=ORIENTED_EDGE('',*,*,#1056,.T.);
#1487=ORIENTED_EDGE('',*,*,#1083,.F.);
#1488=ORIENTED_EDGE('',*,*,#1021,.F.);
#1489=ORIENTED_EDGE('',*,*,#1048,.T.);
#1490=ORIENTED_EDGE('',*,*,#1084,.F.);
#1491=ORIENTED_EDGE('',*,*,#1085,.T.);
#1492=ORIENTED_EDGE('',*,*,#1022,.F.);
#1493=ORIENTED_EDGE('',*,*,#1085,.F.);
#1494=ORIENTED_EDGE('',*,*,#1086,.F.);
#1495=ORIENTED_EDGE('',*,*,#1087,.F.);
#1496=ORIENTED_EDGE('',*,*,#1073,.F.);
#1497=ORIENTED_EDGE('',*,*,#1035,.F.);
#1498=ORIENTED_EDGE('',*,*,#1013,.F.);
#1499=ORIENTED_EDGE('',*,*,#1088,.T.);
#1500=ORIENTED_EDGE('',*,*,#1071,.F.);
#1501=ORIENTED_EDGE('',*,*,#1088,.F.);
#1502=ORIENTED_EDGE('',*,*,#1012,.F.);
#1503=ORIENTED_EDGE('',*,*,#1089,.T.);
#1504=ORIENTED_EDGE('',*,*,#1065,.F.);
#1505=ORIENTED_EDGE('',*,*,#1089,.F.);
#1506=ORIENTED_EDGE('',*,*,#1011,.F.);
#1507=ORIENTED_EDGE('',*,*,#1090,.T.);
#1508=ORIENTED_EDGE('',*,*,#1026,.F.);
#1509=ORIENTED_EDGE('',*,*,#1060,.F.);
#1510=ORIENTED_EDGE('',*,*,#1091,.T.);
#1511=ORIENTED_EDGE('',*,*,#1004,.F.);
#1512=ORIENTED_EDGE('',*,*,#1007,.F.);
#1513=ORIENTED_EDGE('',*,*,#1092,.T.);
#1514=ORIENTED_EDGE('',*,*,#1053,.F.);
#1515=ORIENTED_EDGE('',*,*,#1093,.F.);
#1516=ORIENTED_EDGE('',*,*,#1006,.F.);
#1517=ORIENTED_EDGE('',*,*,#1094,.T.);
#1518=ORIENTED_EDGE('',*,*,#1049,.F.);
#1519=ORIENTED_EDGE('',*,*,#1092,.F.);
#1520=ORIENTED_EDGE('',*,*,#1005,.F.);
#1521=ORIENTED_EDGE('',*,*,#1091,.F.);
#1522=ORIENTED_EDGE('',*,*,#1061,.F.);
#1523=ORIENTED_EDGE('',*,*,#1094,.F.);
#1524=ORIENTED_EDGE('',*,*,#1023,.F.);
#1525=ORIENTED_EDGE('',*,*,#1087,.T.);
#1526=ORIENTED_EDGE('',*,*,#1095,.F.);
#1527=ORIENTED_EDGE('',*,*,#1096,.T.);
#1528=ORIENTED_EDGE('',*,*,#1024,.F.);
#1529=ORIENTED_EDGE('',*,*,#1096,.F.);
#1530=ORIENTED_EDGE('',*,*,#1097,.F.);
#1531=ORIENTED_EDGE('',*,*,#1098,.T.);
#1532=ORIENTED_EDGE('',*,*,#1054,.T.);
#1533=ORIENTED_EDGE('',*,*,#1051,.F.);
#1534=ORIENTED_EDGE('',*,*,#1062,.T.);
#1535=ORIENTED_EDGE('',*,*,#1058,.T.);
#1536=ORIENTED_EDGE('',*,*,#1099,.F.);
#1537=ORIENTED_EDGE('',*,*,#1100,.T.);
#1538=ORIENTED_EDGE('',*,*,#1055,.T.);
#1539=ORIENTED_EDGE('',*,*,#1098,.F.);
#1540=ORIENTED_EDGE('',*,*,#1101,.F.);
#1541=ORIENTED_EDGE('',*,*,#1008,.F.);
#1542=ORIENTED_EDGE('',*,*,#1093,.T.);
#1543=ORIENTED_EDGE('',*,*,#1100,.F.);
#1544=ORIENTED_EDGE('',*,*,#1102,.F.);
#1545=ORIENTED_EDGE('',*,*,#1070,.F.);
#1546=ORIENTED_EDGE('',*,*,#1090,.F.);
#1547=ORIENTED_EDGE('',*,*,#1010,.F.);
#1548=ORIENTED_EDGE('',*,*,#1086,.T.);
#1549=ORIENTED_EDGE('',*,*,#1084,.T.);
#1550=ORIENTED_EDGE('',*,*,#1047,.T.);
#1551=ORIENTED_EDGE('',*,*,#1045,.T.);
#1552=ORIENTED_EDGE('',*,*,#1043,.T.);
#1553=ORIENTED_EDGE('',*,*,#1069,.T.);
#1554=ORIENTED_EDGE('',*,*,#1102,.T.);
#1555=ORIENTED_EDGE('',*,*,#1009,.T.);
#1556=ORIENTED_EDGE('',*,*,#1101,.T.);
#1557=ORIENTED_EDGE('',*,*,#1099,.T.);
#1558=ORIENTED_EDGE('',*,*,#1097,.T.);
#1559=ORIENTED_EDGE('',*,*,#1095,.T.);
#1560=ORIENTED_EDGE('',*,*,#1076,.T.);
#1561=ORIENTED_EDGE('',*,*,#1079,.T.);
#1562=ORIENTED_EDGE('',*,*,#1082,.T.);
#1563=PLANE('',#1769);
#1564=PLANE('',#1771);
#1565=PLANE('',#1776);
#1566=PLANE('',#1782);
#1567=PLANE('',#1785);
#1568=PLANE('',#1789);
#1569=PLANE('',#1793);
#1570=PLANE('',#1794);
#1571=PLANE('',#1795);
#1572=PLANE('',#1796);
#1573=PLANE('',#1797);
#1574=PLANE('',#1801);
#1575=PLANE('',#1802);
#1576=PLANE('',#1803);
#1577=PLANE('',#1804);
#1578=PLANE('',#1805);
#1579=PLANE('',#1806);
#1580=PLANE('',#1809);
#1581=PLANE('',#1810);
#1582=PLANE('',#1813);
#1583=PLANE('',#1815);
#1584=PLANE('',#1816);
#1585=PLANE('',#1817);
#1586=PLANE('',#1828);
#1587=PLANE('',#1829);
#1588=PLANE('',#1830);
#1589=PLANE('',#1831);
#1590=PLANE('',#1832);
#1591=PLANE('',#1833);
#1592=PLANE('',#1834);
#1593=PLANE('',#1835);
#1594=PLANE('',#1836);
#1595=PLANE('',#1837);
#1596=PLANE('',#1838);
#1597=PLANE('',#1839);
#1598=PLANE('',#1840);
#1599=PLANE('',#1841);
#1600=PLANE('',#1842);
#1601=PLANE('',#1846);
#1602=PLANE('',#1848);
#1603=PLANE('',#1853);
#1604=PLANE('',#1859);
#1605=PLANE('',#1862);
#1606=PLANE('',#1863);
#1607=PLANE('',#1867);
#1608=PLANE('',#1868);
#1609=PLANE('',#1869);
#1610=PLANE('',#1870);
#1611=PLANE('',#1871);
#1612=PLANE('',#1872);
#1613=PLANE('',#1873);
#1614=PLANE('',#1876);
#1615=PLANE('',#1877);
#1616=PLANE('',#1880);
#1617=PLANE('',#1882);
#1618=PLANE('',#1883);
#1619=PLANE('',#1884);
#1620=PLANE('',#1895);
#1621=PLANE('',#1896);
#1622=PLANE('',#1897);
#1623=PLANE('',#1898);
#1624=PLANE('',#1899);
#1625=PLANE('',#1900);
#1626=PLANE('',#1901);
#1627=PLANE('',#1902);
#1628=PLANE('',#1903);
#1629=PLANE('',#1904);
#1630=PLANE('',#1905);
#1631=PLANE('',#1906);
#1632=PLANE('',#1907);
#1633=PLANE('',#1908);
#1634=PLANE('',#1909);
#1635=ADVANCED_FACE('',(#461),#1563,.F.);
#1636=ADVANCED_FACE('',(#462),#1564,.F.);
#1637=ADVANCED_FACE('',(#463),#457,.T.);
#1638=ADVANCED_FACE('',(#464,#53,#54),#1565,.F.);
#1639=ADVANCED_FACE('',(#465),#458,.T.);
#1640=ADVANCED_FACE('',(#466),#35,.F.);
#1641=ADVANCED_FACE('',(#467,#55),#1566,.T.);
#1642=ADVANCED_FACE('',(#468),#36,.F.);
#1643=ADVANCED_FACE('',(#469,#56),#1567,.T.);
#1644=ADVANCED_FACE('',(#470),#37,.F.);
#1645=ADVANCED_FACE('',(#471),#1568,.F.);
#1646=ADVANCED_FACE('',(#472),#38,.F.);
#1647=ADVANCED_FACE('',(#473),#1569,.F.);
#1648=ADVANCED_FACE('',(#474),#1570,.F.);
#1649=ADVANCED_FACE('',(#475),#1571,.T.);
#1650=ADVANCED_FACE('',(#476),#1572,.F.);
#1651=ADVANCED_FACE('',(#477,#57,#58,#59),#1573,.F.);
#1652=ADVANCED_FACE('',(#478),#1574,.T.);
#1653=ADVANCED_FACE('',(#479),#1575,.T.);
#1654=ADVANCED_FACE('',(#480),#1576,.F.);
#1655=ADVANCED_FACE('',(#481),#1577,.T.);
#1656=ADVANCED_FACE('',(#482),#1578,.T.);
#1657=ADVANCED_FACE('',(#483,#60,#61),#1579,.T.);
#1658=ADVANCED_FACE('',(#484),#1580,.T.);
#1659=ADVANCED_FACE('',(#485,#62,#63),#1581,.T.);
#1660=ADVANCED_FACE('',(#486,#64),#1582,.T.);
#1661=ADVANCED_FACE('',(#487),#1583,.T.);
#1662=ADVANCED_FACE('',(#488),#1584,.T.);
#1663=ADVANCED_FACE('',(#489,#65),#1585,.T.);
#1664=ADVANCED_FACE('',(#490),#39,.F.);
#1665=ADVANCED_FACE('',(#491),#40,.F.);
#1666=ADVANCED_FACE('',(#492),#41,.F.);
#1667=ADVANCED_FACE('',(#493),#42,.F.);
#1668=ADVANCED_FACE('',(#494),#43,.F.);
#1669=ADVANCED_FACE('',(#495),#44,.F.);
#1670=ADVANCED_FACE('',(#496),#1586,.T.);
#1671=ADVANCED_FACE('',(#497),#1587,.T.);
#1672=ADVANCED_FACE('',(#498),#1588,.T.);
#1673=ADVANCED_FACE('',(#499),#1589,.T.);
#1674=ADVANCED_FACE('',(#500),#1590,.T.);
#1675=ADVANCED_FACE('',(#501),#1591,.T.);
#1676=ADVANCED_FACE('',(#502),#1592,.T.);
#1677=ADVANCED_FACE('',(#503),#1593,.T.);
#1678=ADVANCED_FACE('',(#504),#1594,.T.);
#1679=ADVANCED_FACE('',(#505),#1595,.T.);
#1680=ADVANCED_FACE('',(#506),#1596,.F.);
#1681=ADVANCED_FACE('',(#507),#1597,.T.);
#1682=ADVANCED_FACE('',(#508),#1598,.T.);
#1683=ADVANCED_FACE('',(#509),#1599,.T.);
#1684=ADVANCED_FACE('',(#510,#66,#67,#68),#1600,.F.);
#1685=ADVANCED_FACE('',(#511),#1601,.T.);
#1686=ADVANCED_FACE('',(#512),#1602,.T.);
#1687=ADVANCED_FACE('',(#513),#459,.T.);
#1688=ADVANCED_FACE('',(#514,#69,#70),#1603,.T.);
#1689=ADVANCED_FACE('',(#515),#460,.T.);
#1690=ADVANCED_FACE('',(#516),#45,.F.);
#1691=ADVANCED_FACE('',(#517,#71),#1604,.T.);
#1692=ADVANCED_FACE('',(#518),#46,.F.);
#1693=ADVANCED_FACE('',(#519,#72),#1605,.T.);
#1694=ADVANCED_FACE('',(#520,#73,#74,#75),#1606,.T.);
#1695=ADVANCED_FACE('',(#521),#1607,.F.);
#1696=ADVANCED_FACE('',(#522),#1608,.F.);
#1697=ADVANCED_FACE('',(#523),#1609,.T.);
#1698=ADVANCED_FACE('',(#524),#1610,.F.);
#1699=ADVANCED_FACE('',(#525),#1611,.F.);
#1700=ADVANCED_FACE('',(#526),#1612,.F.);
#1701=ADVANCED_FACE('',(#527,#76,#77),#1613,.F.);
#1702=ADVANCED_FACE('',(#528),#1614,.F.);
#1703=ADVANCED_FACE('',(#529,#78,#79),#1615,.F.);
#1704=ADVANCED_FACE('',(#530,#80),#1616,.F.);
#1705=ADVANCED_FACE('',(#531),#1617,.F.);
#1706=ADVANCED_FACE('',(#532),#1618,.F.);
#1707=ADVANCED_FACE('',(#533,#81),#1619,.F.);
#1708=ADVANCED_FACE('',(#534),#47,.F.);
#1709=ADVANCED_FACE('',(#535),#48,.F.);
#1710=ADVANCED_FACE('',(#536),#49,.F.);
#1711=ADVANCED_FACE('',(#537),#50,.F.);
#1712=ADVANCED_FACE('',(#538),#51,.F.);
#1713=ADVANCED_FACE('',(#539),#52,.F.);
#1714=ADVANCED_FACE('',(#540),#1620,.F.);
#1715=ADVANCED_FACE('',(#541),#1621,.F.);
#1716=ADVANCED_FACE('',(#542),#1622,.F.);
#1717=ADVANCED_FACE('',(#543),#1623,.F.);
#1718=ADVANCED_FACE('',(#544),#1624,.F.);
#1719=ADVANCED_FACE('',(#545),#1625,.F.);
#1720=ADVANCED_FACE('',(#546),#1626,.F.);
#1721=ADVANCED_FACE('',(#547),#1627,.F.);
#1722=ADVANCED_FACE('',(#548),#1628,.F.);
#1723=ADVANCED_FACE('',(#549),#1629,.F.);
#1724=ADVANCED_FACE('',(#550),#1630,.T.);
#1725=ADVANCED_FACE('',(#551),#1631,.F.);
#1726=ADVANCED_FACE('',(#552),#1632,.F.);
#1727=ADVANCED_FACE('',(#553),#1633,.F.);
#1728=ADVANCED_FACE('',(#554,#82,#83,#84),#1634,.T.);
#1729=CLOSED_SHELL('',(#1635,#1636,#1637,#1638,#1639,#1640,#1641,#1642,
#1643,#1644,#1645,#1646,#1647,#1648,#1649,#1650,#1651,#1652,#1653,#1654,
#1655,#1656,#1657,#1658,#1659,#1660,#1661,#1662,#1663,#1664,#1665,#1666,
#1667,#1668,#1669,#1670,#1671,#1672,#1673,#1674,#1675,#1676,#1677,#1678,
#1679,#1680,#1681,#1682,#1683,#1684));
#1730=CLOSED_SHELL('',(#1685,#1686,#1687,#1688,#1689,#1690,#1691,#1692,
#1693,#1694,#1695,#1696,#1697,#1698,#1699,#1700,#1701,#1702,#1703,#1704,
#1705,#1706,#1707,#1708,#1709,#1710,#1711,#1712,#1713,#1714,#1715,#1716,
#1717,#1718,#1719,#1720,#1721,#1722,#1723,#1724,#1725,#1726,#1727,#1728));
#1731=DERIVED_UNIT_ELEMENT(#1737,1.);
#1732=DERIVED_UNIT_ELEMENT(#2886,-3.);
#1733=DERIVED_UNIT_ELEMENT(#1737,1.);
#1734=DERIVED_UNIT_ELEMENT(#2886,-3.);
#1735=DERIVED_UNIT_ELEMENT(#1737,1.);
#1736=DERIVED_UNIT_ELEMENT(#2886,-3.);
#1737=(
MASS_UNIT()
NAMED_UNIT(*)
SI_UNIT(.KILO.,.GRAM.)
);
#1738=DERIVED_UNIT((#1731,#1732));
#1739=DERIVED_UNIT((#1733,#1734));
#1740=DERIVED_UNIT((#1735,#1736));
#1741=MEASURE_REPRESENTATION_ITEM('density measure',
POSITIVE_RATIO_MEASURE(7850.),#1738);
#1742=MEASURE_REPRESENTATION_ITEM('density measure',
POSITIVE_RATIO_MEASURE(7850.),#1739);
#1743=MEASURE_REPRESENTATION_ITEM('density measure',
POSITIVE_RATIO_MEASURE(7850.),#1740);
#1744=PROPERTY_DEFINITION_REPRESENTATION(#1759,#1750);
#1745=PROPERTY_DEFINITION_REPRESENTATION(#1760,#1751);
#1746=PROPERTY_DEFINITION_REPRESENTATION(#1761,#1752);
#1747=PROPERTY_DEFINITION_REPRESENTATION(#1762,#1753);
#1748=PROPERTY_DEFINITION_REPRESENTATION(#1763,#1754);
#1749=PROPERTY_DEFINITION_REPRESENTATION(#1764,#1755);
#1750=REPRESENTATION('material name',(#1756),#2881);
#1751=REPRESENTATION('density',(#1741),#2881);
#1752=REPRESENTATION('material name',(#1757),#2882);
#1753=REPRESENTATION('density',(#1742),#2882);
#1754=REPRESENTATION('material name',(#1758),#2883);
#1755=REPRESENTATION('density',(#1743),#2883);
#1756=DESCRIPTIVE_REPRESENTATION_ITEM('Steel','Steel');
#1757=DESCRIPTIVE_REPRESENTATION_ITEM('Steel','Steel');
#1758=DESCRIPTIVE_REPRESENTATION_ITEM('Steel','Steel');
#1759=PROPERTY_DEFINITION('material property','material name',#2911);
#1760=PROPERTY_DEFINITION('material property','density of part',#2911);
#1761=PROPERTY_DEFINITION('material property','material name',#2912);
#1762=PROPERTY_DEFINITION('material property','density of part',#2912);
#1763=PROPERTY_DEFINITION('material property','material name',#2913);
#1764=PROPERTY_DEFINITION('material property','density of part',#2913);
#1765=AXIS2_PLACEMENT_3D('',#2392,#1912,#1913);
#1766=AXIS2_PLACEMENT_3D('',#2393,#1914,#1915);
#1767=AXIS2_PLACEMENT_3D('',#2394,#1916,#1917);
#1768=AXIS2_PLACEMENT_3D('',#2395,#1918,#1919);
#1769=AXIS2_PLACEMENT_3D('',#2396,#1920,#1921);
#1770=AXIS2_PLACEMENT_3D('',#2398,#1922,#1923);
#1771=AXIS2_PLACEMENT_3D('',#2399,#1924,#1925);
#1772=AXIS2_PLACEMENT_3D('',#2401,#1926,#1927);
#1773=AXIS2_PLACEMENT_3D('',#2402,#1928,#1929);
#1774=AXIS2_PLACEMENT_3D('',#2404,#1930,#1931);
#1775=AXIS2_PLACEMENT_3D('',#2407,#1933,#1934);
#1776=AXIS2_PLACEMENT_3D('',#2408,#1935,#1936);
#1777=AXIS2_PLACEMENT_3D('',#2434,#1949,#1950);
#1778=AXIS2_PLACEMENT_3D('',#2435,#1951,#1952);
#1779=AXIS2_PLACEMENT_3D('',#2438,#1954,#1955);
#1780=AXIS2_PLACEMENT_3D('',#2439,#1956,#1957);
#1781=AXIS2_PLACEMENT_3D('',#2441,#1958,#1959);
#1782=AXIS2_PLACEMENT_3D('',#2443,#1961,#1962);
#1783=AXIS2_PLACEMENT_3D('',#2444,#1963,#1964);
#1784=AXIS2_PLACEMENT_3D('',#2446,#1965,#1966);
#1785=AXIS2_PLACEMENT_3D('',#2448,#1968,#1969);
#1786=AXIS2_PLACEMENT_3D('',#2449,#1970,#1971);
#1787=AXIS2_PLACEMENT_3D('',#2452,#1972,#1973);
#1788=AXIS2_PLACEMENT_3D('',#2456,#1975,#1976);
#1789=AXIS2_PLACEMENT_3D('',#2458,#1978,#1979);
#1790=AXIS2_PLACEMENT_3D('',#2464,#1983,#1984);
#1791=AXIS2_PLACEMENT_3D('',#2466,#1985,#1986);
#1792=AXIS2_PLACEMENT_3D('',#2468,#1987,#1988);
#1793=AXIS2_PLACEMENT_3D('',#2470,#1990,#1991);
#1794=AXIS2_PLACEMENT_3D('',#2476,#1995,#1996);
#1795=AXIS2_PLACEMENT_3D('',#2482,#2000,#2001);
#1796=AXIS2_PLACEMENT_3D('',#2492,#2007,#2008);
#1797=AXIS2_PLACEMENT_3D('',#2500,#2013,#2014);
#1798=AXIS2_PLACEMENT_3D('',#2518,#2024,#2025);
#1799=AXIS2_PLACEMENT_3D('',#2520,#2026,#2027);
#1800=AXIS2_PLACEMENT_3D('',#2522,#2028,#2029);
#1801=AXIS2_PLACEMENT_3D('',#2523,#2030,#2031);
#1802=AXIS2_PLACEMENT_3D('',#2527,#2034,#2035);
#1803=AXIS2_PLACEMENT_3D('',#2529,#2037,#2038);
#1804=AXIS2_PLACEMENT_3D('',#2537,#2043,#2044);
#1805=AXIS2_PLACEMENT_3D('',#2541,#2047,#2048);
#1806=AXIS2_PLACEMENT_3D('',#2550,#2053,#2054);
#1807=AXIS2_PLACEMENT_3D('',#2557,#2058,#2059);
#1808=AXIS2_PLACEMENT_3D('',#2559,#2060,#2061);
#1809=AXIS2_PLACEMENT_3D('',#2560,#2062,#2063);
#1810=AXIS2_PLACEMENT_3D('',#2566,#2067,#2068);
#1811=AXIS2_PLACEMENT_3D('',#2570,#2071,#2072);
#1812=AXIS2_PLACEMENT_3D('',#2572,#2073,#2074);
#1813=AXIS2_PLACEMENT_3D('',#2573,#2075,#2076);
#1814=AXIS2_PLACEMENT_3D('',#2580,#2080,#2081);
#1815=AXIS2_PLACEMENT_3D('',#2581,#2082,#2083);
#1816=AXIS2_PLACEMENT_3D('',#2585,#2086,#2087);
#1817=AXIS2_PLACEMENT_3D('',#2589,#2090,#2091);
#1818=AXIS2_PLACEMENT_3D('',#2592,#2093,#2094);
#1819=AXIS2_PLACEMENT_3D('',#2593,#2095,#2096);
#1820=AXIS2_PLACEMENT_3D('',#2595,#2098,#2099);
#1821=AXIS2_PLACEMENT_3D('',#2597,#2100,#2101);
#1822=AXIS2_PLACEMENT_3D('',#2599,#2103,#2104);
#1823=AXIS2_PLACEMENT_3D('',#2601,#2106,#2107);
#1824=AXIS2_PLACEMENT_3D('',#2603,#2108,#2109);
#1825=AXIS2_PLACEMENT_3D('',#2605,#2111,#2112);
#1826=AXIS2_PLACEMENT_3D('',#2607,#2114,#2115);
#1827=AXIS2_PLACEMENT_3D('',#2609,#2116,#2117);
#1828=AXIS2_PLACEMENT_3D('',#2611,#2119,#2120);
#1829=AXIS2_PLACEMENT_3D('',#2615,#2123,#2124);
#1830=AXIS2_PLACEMENT_3D('',#2619,#2127,#2128);
#1831=AXIS2_PLACEMENT_3D('',#2621,#2130,#2131);
#1832=AXIS2_PLACEMENT_3D('',#2623,#2133,#2134);
#1833=AXIS2_PLACEMENT_3D('',#2625,#2136,#2137);
#1834=AXIS2_PLACEMENT_3D('',#2627,#2139,#2140);
#1835=AXIS2_PLACEMENT_3D('',#2630,#2143,#2144);
#1836=AXIS2_PLACEMENT_3D('',#2632,#2146,#2147);
#1837=AXIS2_PLACEMENT_3D('',#2633,#2148,#2149);
#1838=AXIS2_PLACEMENT_3D('',#2637,#2152,#2153);
#1839=AXIS2_PLACEMENT_3D('',#2641,#2156,#2157);
#1840=AXIS2_PLACEMENT_3D('',#2645,#2160,#2161);
#1841=AXIS2_PLACEMENT_3D('',#2647,#2163,#2164);
#1842=AXIS2_PLACEMENT_3D('',#2649,#2166,#2167);
#1843=AXIS2_PLACEMENT_3D('',#2650,#2168,#2169);
#1844=AXIS2_PLACEMENT_3D('',#2651,#2170,#2171);
#1845=AXIS2_PLACEMENT_3D('',#2652,#2172,#2173);
#1846=AXIS2_PLACEMENT_3D('',#2653,#2174,#2175);
#1847=AXIS2_PLACEMENT_3D('',#2655,#2176,#2177);
#1848=AXIS2_PLACEMENT_3D('',#2656,#2178,#2179);
#1849=AXIS2_PLACEMENT_3D('',#2658,#2180,#2181);
#1850=AXIS2_PLACEMENT_3D('',#2659,#2182,#2183);
#1851=AXIS2_PLACEMENT_3D('',#2661,#2184,#2185);
#1852=AXIS2_PLACEMENT_3D('',#2664,#2187,#2188);
#1853=AXIS2_PLACEMENT_3D('',#2665,#2189,#2190);
#1854=AXIS2_PLACEMENT_3D('',#2691,#2203,#2204);
#1855=AXIS2_PLACEMENT_3D('',#2692,#2205,#2206);
#1856=AXIS2_PLACEMENT_3D('',#2695,#2208,#2209);
#1857=AXIS2_PLACEMENT_3D('',#2696,#2210,#2211);
#1858=AXIS2_PLACEMENT_3D('',#2698,#2212,#2213);
#1859=AXIS2_PLACEMENT_3D('',#2700,#2215,#2216);
#1860=AXIS2_PLACEMENT_3D('',#2701,#2217,#2218);
#1861=AXIS2_PLACEMENT_3D('',#2703,#2219,#2220);
#1862=AXIS2_PLACEMENT_3D('',#2705,#2222,#2223);
#1863=AXIS2_PLACEMENT_3D('',#2706,#2224,#2225);
#1864=AXIS2_PLACEMENT_3D('',#2729,#2237,#2238);
#1865=AXIS2_PLACEMENT_3D('',#2731,#2239,#2240);
#1866=AXIS2_PLACEMENT_3D('',#2733,#2241,#2242);
#1867=AXIS2_PLACEMENT_3D('',#2734,#2243,#2244);
#1868=AXIS2_PLACEMENT_3D('',#2738,#2247,#2248);
#1869=AXIS2_PLACEMENT_3D('',#2742,#2251,#2252);
#1870=AXIS2_PLACEMENT_3D('',#2754,#2259,#2260);
#1871=AXIS2_PLACEMENT_3D('',#2758,#2263,#2264);
#1872=AXIS2_PLACEMENT_3D('',#2762,#2267,#2268);
#1873=AXIS2_PLACEMENT_3D('',#2771,#2273,#2274);
#1874=AXIS2_PLACEMENT_3D('',#2778,#2278,#2279);
#1875=AXIS2_PLACEMENT_3D('',#2780,#2280,#2281);
#1876=AXIS2_PLACEMENT_3D('',#2781,#2282,#2283);
#1877=AXIS2_PLACEMENT_3D('',#2787,#2287,#2288);
#1878=AXIS2_PLACEMENT_3D('',#2791,#2291,#2292);
#1879=AXIS2_PLACEMENT_3D('',#2793,#2293,#2294);
#1880=AXIS2_PLACEMENT_3D('',#2794,#2295,#2296);
#1881=AXIS2_PLACEMENT_3D('',#2801,#2300,#2301);
#1882=AXIS2_PLACEMENT_3D('',#2802,#2302,#2303);
#1883=AXIS2_PLACEMENT_3D('',#2806,#2306,#2307);
#1884=AXIS2_PLACEMENT_3D('',#2810,#2310,#2311);
#1885=AXIS2_PLACEMENT_3D('',#2813,#2313,#2314);
#1886=AXIS2_PLACEMENT_3D('',#2814,#2315,#2316);
#1887=AXIS2_PLACEMENT_3D('',#2816,#2318,#2319);
#1888=AXIS2_PLACEMENT_3D('',#2818,#2320,#2321);
#1889=AXIS2_PLACEMENT_3D('',#2820,#2323,#2324);
#1890=AXIS2_PLACEMENT_3D('',#2822,#2326,#2327);
#1891=AXIS2_PLACEMENT_3D('',#2824,#2328,#2329);
#1892=AXIS2_PLACEMENT_3D('',#2826,#2331,#2332);
#1893=AXIS2_PLACEMENT_3D('',#2828,#2334,#2335);
#1894=AXIS2_PLACEMENT_3D('',#2830,#2336,#2337);
#1895=AXIS2_PLACEMENT_3D('',#2832,#2339,#2340);
#1896=AXIS2_PLACEMENT_3D('',#2836,#2343,#2344);
#1897=AXIS2_PLACEMENT_3D('',#2840,#2347,#2348);
#1898=AXIS2_PLACEMENT_3D('',#2842,#2350,#2351);
#1899=AXIS2_PLACEMENT_3D('',#2844,#2353,#2354);
#1900=AXIS2_PLACEMENT_3D('',#2846,#2356,#2357);
#1901=AXIS2_PLACEMENT_3D('',#2848,#2359,#2360);
#1902=AXIS2_PLACEMENT_3D('',#2851,#2363,#2364);
#1903=AXIS2_PLACEMENT_3D('',#2853,#2366,#2367);
#1904=AXIS2_PLACEMENT_3D('',#2854,#2368,#2369);
#1905=AXIS2_PLACEMENT_3D('',#2858,#2372,#2373);
#1906=AXIS2_PLACEMENT_3D('',#2862,#2376,#2377);
#1907=AXIS2_PLACEMENT_3D('',#2866,#2380,#2381);
#1908=AXIS2_PLACEMENT_3D('',#2868,#2383,#2384);
#1909=AXIS2_PLACEMENT_3D('',#2870,#2386,#2387);
#1910=AXIS2_PLACEMENT_3D('',#2871,#2388,#2389);
#1911=AXIS2_PLACEMENT_3D('',#2872,#2390,#2391);
#1912=DIRECTION('axis',(0.,0.,1.));
#1913=DIRECTION('refdir',(1.,0.,0.));
#1914=DIRECTION('axis',(0.,0.,1.));
#1915=DIRECTION('refdir',(1.,0.,0.));
#1916=DIRECTION('axis',(0.,0.,1.));
#1917=DIRECTION('refdir',(1.,0.,0.));
#1918=DIRECTION('axis',(0.,0.,1.));
#1919=DIRECTION('refdir',(1.,0.,0.));
#1920=DIRECTION('center_axis',(0.,-1.22464679914735E-16,-1.));
#1921=DIRECTION('ref_axis',(-1.,0.,0.));
#1922=DIRECTION('center_axis',(0.,-1.22464679914735E-16,-1.));
#1923=DIRECTION('ref_axis',(1.,0.,0.));
#1924=DIRECTION('center_axis',(0.,-1.22464679914735E-16,-1.));
#1925=DIRECTION('ref_axis',(-1.,0.,0.));
#1926=DIRECTION('center_axis',(0.,-1.22464679914735E-16,-1.));
#1927=DIRECTION('ref_axis',(1.,0.,0.));
#1928=DIRECTION('center_axis',(0.,-1.22464679914735E-16,-1.));
#1929=DIRECTION('ref_axis',(1.,0.,0.));
#1930=DIRECTION('center_axis',(0.,1.22464679914735E-16,1.));
#1931=DIRECTION('ref_axis',(1.,0.,0.));
#1932=DIRECTION('',(0.554700196225228,3.3965590989682E-17,0.832050294337844));
#1933=DIRECTION('center_axis',(0.,1.22464679914735E-16,1.));
#1934=DIRECTION('ref_axis',(1.,0.,0.));
#1935=DIRECTION('center_axis',(0.,-1.22464679914735E-16,-1.));
#1936=DIRECTION('ref_axis',(-1.,0.,0.));
#1937=DIRECTION('',(1.,-1.82076576038526E-14,2.22979496045291E-30));
#1938=DIRECTION('',(2.02401339838287E-15,-1.,1.22464679914735E-16));
#1939=DIRECTION('',(-1.,-1.86517468137026E-14,2.28418020339078E-30));
#1940=DIRECTION('',(-5.46571335200061E-15,1.,-1.22464679914735E-16));
#1941=DIRECTION('',(-1.,0.,0.));
#1942=DIRECTION('',(-5.46571335200059E-15,-1.,1.22464679914735E-16));
#1943=DIRECTION('',(-1.,1.59872115546023E-14,-1.95786874576352E-30));
#1944=DIRECTION('',(-2.20699232058057E-15,1.,-1.22464679914735E-16));
#1945=DIRECTION('',(1.,2.08721928629529E-14,-2.55610641808016E-30));
#1946=DIRECTION('',(0.,-1.,1.22464679914735E-16));
#1947=DIRECTION('',(1.,0.,0.));
#1948=DIRECTION('',(2.18628534080024E-14,1.,-1.22464679914735E-16));
#1949=DIRECTION('center_axis',(0.,1.22464679914735E-16,1.));
#1950=DIRECTION('ref_axis',(1.,0.,0.));
#1951=DIRECTION('center_axis',(0.,-1.22464679914735E-16,-1.));
#1952=DIRECTION('ref_axis',(1.,0.,0.));
#1953=DIRECTION('',(0.554700196225228,3.3965590989682E-17,0.832050294337844));
#1954=DIRECTION('center_axis',(0.,1.22464679914735E-16,1.));
#1955=DIRECTION('ref_axis',(1.,0.,0.));
#1956=DIRECTION('center_axis',(0.,1.22464679914735E-16,1.));
#1957=DIRECTION('ref_axis',(1.,0.,0.));
#1958=DIRECTION('center_axis',(0.,-1.22464679914735E-16,-1.));
#1959=DIRECTION('ref_axis',(1.,0.,0.));
#1960=DIRECTION('',(0.,-1.22464679914735E-16,-1.));
#1961=DIRECTION('center_axis',(0.,1.22464679914735E-16,1.));
#1962=DIRECTION('ref_axis',(1.,0.,0.));
#1963=DIRECTION('center_axis',(0.,1.22464679914735E-16,1.));
#1964=DIRECTION('ref_axis',(1.,0.,0.));
#1965=DIRECTION('center_axis',(0.,-1.22464679914735E-16,-1.));
#1966=DIRECTION('ref_axis',(1.,0.,0.));
#1967=DIRECTION('',(0.,-1.22464679914735E-16,-1.));
#1968=DIRECTION('center_axis',(0.,1.22464679914735E-16,1.));
#1969=DIRECTION('ref_axis',(1.,0.,0.));
#1970=DIRECTION('center_axis',(0.,-1.,1.22464679914735E-16));
#1971=DIRECTION('ref_axis',(0.707106781186547,-8.65956056235493E-17,-0.707106781186547));
#1972=DIRECTION('center_axis',(-1.22021870077692E-15,1.,-1.22464679914735E-16));
#1973=DIRECTION('ref_axis',(0.707106781186547,-8.65956056235493E-17,-0.707106781186547));
#1974=DIRECTION('',(0.,-1.,1.22464679914735E-16));
#1975=DIRECTION('center_axis',(0.,-1.,1.22464679914735E-16));
#1976=DIRECTION('ref_axis',(0.707106781186547,-8.65956056235493E-17,-0.707106781186547));
#1977=DIRECTION('',(0.,1.,-1.22464679914735E-16));
#1978=DIRECTION('center_axis',(0.,-1.22464679914735E-16,-1.));
#1979=DIRECTION('ref_axis',(1.,0.,0.));
#1980=DIRECTION('',(1.,1.22021870077692E-15,-1.4943369261662E-31));
#1981=DIRECTION('',(0.,1.,-1.22464679914735E-16));
#1982=DIRECTION('',(-1.,0.,0.));
#1983=DIRECTION('center_axis',(0.,1.,-1.22464679914735E-16));
#1984=DIRECTION('ref_axis',(-0.707106781186547,-8.65956056235493E-17,-0.707106781186547));
#1985=DIRECTION('center_axis',(0.,-1.,1.22464679914735E-16));
#1986=DIRECTION('ref_axis',(-0.707106781186547,-8.65956056235493E-17,-0.707106781186547));
#1987=DIRECTION('center_axis',(-1.22021870077692E-15,1.,-1.22464679914735E-16));
#1988=DIRECTION('ref_axis',(-0.707106781186547,-8.65956056235493E-17,-0.707106781186547));
#1989=DIRECTION('',(0.,-1.,1.22464679914735E-16));
#1990=DIRECTION('center_axis',(1.,0.,0.));
#1991=DIRECTION('ref_axis',(0.,-1.,1.22464679914735E-16));
#1992=DIRECTION('',(0.,-1.22464679914735E-16,-1.));
#1993=DIRECTION('',(0.,-1.,1.22464679914735E-16));
#1994=DIRECTION('',(0.,1.22464679914735E-16,1.));
#1995=DIRECTION('center_axis',(-1.,0.,0.));
#1996=DIRECTION('ref_axis',(0.,1.,-1.22464679914735E-16));
#1997=DIRECTION('',(0.,-1.22464679914735E-16,-1.));
#1998=DIRECTION('',(0.,1.,-1.22464679914735E-16));
#1999=DIRECTION('',(0.,1.22464679914735E-16,1.));
#2000=DIRECTION('center_axis',(-1.22021870077692E-15,1.,-1.22464679914735E-16));
#2001=DIRECTION('ref_axis',(1.,1.22021870077692E-15,-1.4943369261662E-31));
#2002=DIRECTION('',(-1.,-1.22021870077692E-15,1.4943369261662E-31));
#2003=DIRECTION('',(0.,-1.22464679914735E-16,-1.));
#2004=DIRECTION('',(1.,1.22021870077692E-15,-1.4943369261662E-31));
#2005=DIRECTION('',(0.,1.22464679914735E-16,1.));
#2006=DIRECTION('',(-1.,-1.22021870077692E-15,1.4943369261662E-31));
#2007=DIRECTION('center_axis',(0.,-1.22464679914735E-16,-1.));
#2008=DIRECTION('ref_axis',(1.,0.,0.));
#2009=DIRECTION('',(1.,0.,0.));
#2010=DIRECTION('',(0.,1.,-1.22464679914735E-16));
#2011=DIRECTION('',(-1.,-2.08721928629529E-14,2.55610641808016E-30));
#2012=DIRECTION('',(-2.20699232058057E-15,1.,-1.22464679914735E-16));
#2013=DIRECTION('center_axis',(-1.,-2.20699232058057E-15,2.70278608114178E-31));
#2014=DIRECTION('ref_axis',(0.,-1.22464679914735E-16,-1.));
#2015=DIRECTION('',(2.20699232058057E-15,-1.,1.22464679914735E-16));
#2016=DIRECTION('',(1.56057923590915E-15,-0.707106781186548,-0.707106781186547));
#2017=DIRECTION('',(0.,1.22464679914735E-16,1.));
#2018=DIRECTION('',(-1.56057923590915E-15,0.707106781186547,0.707106781186548));
#2019=DIRECTION('',(-1.56057923590916E-15,0.707106781186548,-0.707106781186547));
#2020=DIRECTION('',(0.,-1.22464679914735E-16,-1.));
#2021=DIRECTION('',(-2.20699232058057E-15,1.,-1.22464679914735E-16));
#2022=DIRECTION('',(0.,1.22464679914735E-16,1.));
#2023=DIRECTION('',(1.56057923590917E-15,-0.707106781186554,0.707106781186541));
#2024=DIRECTION('center_axis',(1.,2.20699232058057E-15,-2.70278608114178E-31));
#2025=DIRECTION('ref_axis',(0.,1.,-1.22464679914735E-16));
#2026=DIRECTION('center_axis',(1.,2.20699232058057E-15,-2.70278608114178E-31));
#2027=DIRECTION('ref_axis',(0.,1.,-1.22464679914735E-16));
#2028=DIRECTION('center_axis',(1.,2.20699232058057E-15,-2.70278608114178E-31));
#2029=DIRECTION('ref_axis',(0.,1.,-1.22464679914735E-16));
#2030=DIRECTION('center_axis',(1.47588691116275E-14,-0.707106781186548,
0.707106781186547));
#2031=DIRECTION('ref_axis',(-1.,2.55610641808016E-30,2.0872192862953E-14));
#2032=DIRECTION('',(-1.,-2.08721928629529E-14,2.55610641808016E-30));
#2033=DIRECTION('',(0.577350269189619,0.577350269189635,0.577350269189624));
#2034=DIRECTION('center_axis',(2.08721928629529E-14,-1.,1.22464679914735E-16));
#2035=DIRECTION('ref_axis',(1.,2.08721928629529E-14,-2.55610641808016E-30));
#2036=DIRECTION('',(0.,1.22464679914735E-16,1.));
#2037=DIRECTION('center_axis',(0.,-1.22464679914735E-16,-1.));
#2038=DIRECTION('ref_axis',(1.,0.,0.));
#2039=DIRECTION('',(2.02401339838287E-15,-1.,1.22464679914735E-16));
#2040=DIRECTION('',(-1.,1.82076576038526E-14,-2.22979496045291E-30));
#2041=DIRECTION('',(-2.18628534080024E-14,-1.,1.22464679914735E-16));
#2042=DIRECTION('',(1.,0.,0.));
#2043=DIRECTION('center_axis',(-8.62824917850001E-16,0.707106781186547,
-0.707106781186548));
#2044=DIRECTION('ref_axis',(1.,-1.4943369261662E-31,-1.22021870077692E-15));
#2045=DIRECTION('',(-1.,-1.22021870077692E-15,1.4943369261662E-31));
#2046=DIRECTION('',(-1.43119359920896E-15,0.707106781186548,0.707106781186547));
#2047=DIRECTION('center_axis',(0.,1.,-1.22464679914735E-16));
#2048=DIRECTION('ref_axis',(-1.,0.,0.));
#2049=DIRECTION('',(1.,0.,0.));
#2050=DIRECTION('',(0.,1.22464679914735E-16,1.));
#2051=DIRECTION('',(-1.,0.,0.));
#2052=DIRECTION('',(0.,-1.22464679914735E-16,-1.));
#2053=DIRECTION('center_axis',(1.,5.46571335200061E-15,-6.6935683615845E-31));
#2054=DIRECTION('ref_axis',(-5.46571335200061E-15,1.,-1.22464679914735E-16));
#2055=DIRECTION('',(5.46571335200061E-15,-1.,1.22464679914735E-16));
#2056=DIRECTION('',(0.,1.22464679914735E-16,1.));
#2057=DIRECTION('',(5.46571335200061E-15,-1.,1.22464679914735E-16));
#2058=DIRECTION('center_axis',(-1.,-5.46571335200061E-15,6.6935683615845E-31));
#2059=DIRECTION('ref_axis',(0.,1.,-1.22464679914735E-16));
#2060=DIRECTION('center_axis',(-1.,-5.46571335200061E-15,6.6935683615845E-31));
#2061=DIRECTION('ref_axis',(0.,1.,-1.22464679914735E-16));
#2062=DIRECTION('center_axis',(1.59872115546023E-14,1.,-1.22464679914735E-16));
#2063=DIRECTION('ref_axis',(-1.,1.59872115546023E-14,-1.95786874576352E-30));
#2064=DIRECTION('',(1.,-1.59872115546023E-14,1.95786874576352E-30));
#2065=DIRECTION('',(0.,1.22464679914735E-16,1.));
#2066=DIRECTION('',(1.,-1.59872115546023E-14,1.95786874576352E-30));
#2067=DIRECTION('center_axis',(-1.,5.46571335200059E-15,-6.69356836158447E-31));
#2068=DIRECTION('ref_axis',(-5.46571335200059E-15,-1.,1.22464679914735E-16));
#2069=DIRECTION('',(5.46571335200059E-15,1.,-1.22464679914735E-16));
#2070=DIRECTION('',(5.46571335200059E-15,1.,-1.22464679914735E-16));
#2071=DIRECTION('center_axis',(1.,-5.46571335200059E-15,6.69356836158447E-31));
#2072=DIRECTION('ref_axis',(0.,1.,-1.22464679914735E-16));
#2073=DIRECTION('center_axis',(1.,-5.46571335200059E-15,6.69356836158447E-31));
#2074=DIRECTION('ref_axis',(0.,1.,-1.22464679914735E-16));
#2075=DIRECTION('center_axis',(1.,-2.18628534080024E-14,2.6774273446338E-30));
#2076=DIRECTION('ref_axis',(2.18628534080024E-14,1.,-1.22464679914735E-16));
#2077=DIRECTION('',(-2.18628534080024E-14,-1.,1.22464679914735E-16));
#2078=DIRECTION('',(0.,-1.22464679914735E-16,-1.));
#2079=DIRECTION('',(0.,1.22464679914735E-16,1.));
#2080=DIRECTION('center_axis',(-1.,2.18628534080024E-14,-2.6774273446338E-30));
#2081=DIRECTION('ref_axis',(0.,1.,-1.22464679914735E-16));
#2082=DIRECTION('center_axis',(-1.82076576038526E-14,-1.,1.22464679914735E-16));
#2083=DIRECTION('ref_axis',(1.,-1.82076576038526E-14,2.22979496045291E-30));
#2084=DIRECTION('',(0.,-1.22464679914735E-16,-1.));
#2085=DIRECTION('',(-1.,1.82076576038526E-14,-2.22979496045291E-30));
#2086=DIRECTION('center_axis',(0.,-1.,1.22464679914735E-16));
#2087=DIRECTION('ref_axis',(1.,0.,0.));
#2088=DIRECTION('',(-1.,0.,0.));
#2089=DIRECTION('',(0.,1.22464679914735E-16,1.));
#2090=DIRECTION('center_axis',(-1.,0.,0.));
#2091=DIRECTION('ref_axis',(0.,-1.,1.22464679914735E-16));
#2092=DIRECTION('',(0.,1.,-1.22464679914735E-16));
#2093=DIRECTION('center_axis',(1.,0.,0.));
#2094=DIRECTION('ref_axis',(0.,1.,-1.22464679914735E-16));
#2095=DIRECTION('center_axis',(1.,0.,0.));
#2096=DIRECTION('ref_axis',(0.,1.,-1.22464679914735E-16));
#2097=DIRECTION('',(1.,0.,0.));
#2098=DIRECTION('center_axis',(1.,0.,0.));
#2099=DIRECTION('ref_axis',(0.,1.,-1.22464679914735E-16));
#2100=DIRECTION('center_axis',(-1.,-2.02401339838287E-15,2.47870152976094E-31));
#2101=DIRECTION('ref_axis',(0.,1.,-1.22464679914735E-16));
#2102=DIRECTION('',(1.,0.,0.));
#2103=DIRECTION('center_axis',(1.,0.,0.));
#2104=DIRECTION('ref_axis',(0.,1.,-1.22464679914735E-16));
#2105=DIRECTION('',(1.,0.,0.));
#2106=DIRECTION('center_axis',(1.,0.,0.));
#2107=DIRECTION('ref_axis',(0.,1.,-1.22464679914735E-16));
#2108=DIRECTION('center_axis',(-1.,-2.02401339838287E-15,2.47870152976094E-31));
#2109=DIRECTION('ref_axis',(0.,1.,-1.22464679914735E-16));
#2110=DIRECTION('',(1.,0.,0.));
#2111=DIRECTION('center_axis',(1.,0.,0.));
#2112=DIRECTION('ref_axis',(0.,1.,-1.22464679914735E-16));
#2113=DIRECTION('',(1.,0.,0.));
#2114=DIRECTION('center_axis',(1.,0.,0.));
#2115=DIRECTION('ref_axis',(0.,1.,-1.22464679914735E-16));
#2116=DIRECTION('center_axis',(-1.,-2.02401339838287E-15,2.47870152976094E-31));
#2117=DIRECTION('ref_axis',(0.,1.,-1.22464679914735E-16));
#2118=DIRECTION('',(1.,0.,0.));
#2119=DIRECTION('center_axis',(0.,-1.22464679914735E-16,-1.));
#2120=DIRECTION('ref_axis',(-1.,0.,0.));
#2121=DIRECTION('',(1.,-4.43655957983097E-16,5.43321848866653E-32));
#2122=DIRECTION('',(-2.02401339838287E-15,1.,-1.22464679914735E-16));
#2123=DIRECTION('center_axis',(-3.13712136403659E-16,-0.707106781186541,
-0.707106781186554));
#2124=DIRECTION('ref_axis',(1.,-5.43321848866643E-32,-4.4365595798309E-16));
#2125=DIRECTION('',(-1.,4.43655957983097E-16,-5.43321848866653E-32));
#2126=DIRECTION('',(-1.43119359920897E-15,0.707106781186554,-0.707106781186541));
#2127=DIRECTION('center_axis',(-0.707106781186551,8.65956056235489E-17,
0.707106781186544));
#2128=DIRECTION('ref_axis',(-0.707106781186544,-8.65956056235497E-17,-0.707106781186551));
#2129=DIRECTION('',(0.577350269189622,0.577350269189629,0.577350269189627));
#2130=DIRECTION('center_axis',(0.,-0.707106781186547,0.707106781186548));
#2131=DIRECTION('ref_axis',(-1.,0.,0.));
#2132=DIRECTION('',(-0.577350269189617,0.577350269189631,0.577350269189629));
#2133=DIRECTION('center_axis',(0.707106781186546,-1.53727762952624E-14,
0.707106781186549));
#2134=DIRECTION('ref_axis',(-0.707106781186549,8.65956056235492E-17,0.707106781186546));
#2135=DIRECTION('',(-0.577350269189614,0.577350269189638,0.577350269189625));
#2136=DIRECTION('center_axis',(1.13046657025232E-14,0.707106781186547,0.707106781186548));
#2137=DIRECTION('ref_axis',(-1.,1.95786874576352E-30,1.59872115546022E-14));
#2138=DIRECTION('',(-0.577350269189601,0.577350269189642,-0.577350269189634));
#2139=DIRECTION('center_axis',(0.707106781186546,3.95143858084503E-15,0.707106781186549));
#2140=DIRECTION('ref_axis',(-0.707106781186549,8.65956056235492E-17,0.707106781186546));
#2141=DIRECTION('',(-0.577350269189623,-0.577350269189633,0.577350269189621));
#2142=DIRECTION('',(-0.577350269189626,-0.577350269189626,0.577350269189625));
#2143=DIRECTION('center_axis',(0.,0.707106781186547,0.707106781186548));
#2144=DIRECTION('ref_axis',(-1.,0.,0.));
#2145=DIRECTION('',(0.577350269189604,-0.577350269189638,0.577350269189636));
#2146=DIRECTION('center_axis',(-0.707106781186559,3.95143858084508E-15,
0.707106781186536));
#2147=DIRECTION('ref_axis',(-0.707106781186536,-8.65956056235507E-17,-0.707106781186559));
#2148=DIRECTION('center_axis',(-4.43655957983097E-16,-1.,1.22464679914735E-16));
#2149=DIRECTION('ref_axis',(-1.,4.43655957983097E-16,-5.43321848866653E-32));
#2150=DIRECTION('',(-1.,4.43655957983097E-16,-5.43321848866653E-32));
#2151=DIRECTION('',(0.,-1.22464679914735E-16,-1.));
#2152=DIRECTION('center_axis',(0.,-1.22464679914735E-16,-1.));
#2153=DIRECTION('ref_axis',(1.,0.,0.));
#2154=DIRECTION('',(1.,1.86517468137026E-14,-2.28418020339078E-30));
#2155=DIRECTION('',(2.02401339838287E-15,-1.,1.22464679914735E-16));
#2156=DIRECTION('center_axis',(-1.86517468137026E-14,1.,-1.22464679914735E-16));
#2157=DIRECTION('ref_axis',(-1.,-1.86517468137026E-14,2.28418020339078E-30));
#2158=DIRECTION('',(0.,1.22464679914735E-16,1.));
#2159=DIRECTION('',(1.,1.86517468137026E-14,-2.28418020339078E-30));
#2160=DIRECTION('center_axis',(-1.31887766529437E-14,0.707106781186547,
0.707106781186548));
#2161=DIRECTION('ref_axis',(-1.,-2.28418020339077E-30,-1.86517468137026E-14));
#2162=DIRECTION('',(1.43119359920896E-15,-0.707106781186548,0.707106781186547));
#2163=DIRECTION('center_axis',(-1.2874758161207E-14,-0.707106781186546,
0.707106781186549));
#2164=DIRECTION('ref_axis',(-1.,-2.2297949604529E-30,-1.82076576038526E-14));
#2165=DIRECTION('',(1.43119359920896E-15,-0.707106781186549,-0.707106781186546));
#2166=DIRECTION('center_axis',(1.,2.02401339838287E-15,-2.47870152976094E-31));
#2167=DIRECTION('ref_axis',(0.,1.22464679914735E-16,1.));
#2168=DIRECTION('',(0.,0.,1.));
#2169=DIRECTION('',(1.,0.,0.));
#2170=DIRECTION('',(0.,0.,1.));
#2171=DIRECTION('',(1.,0.,0.));
#2172=DIRECTION('axis',(0.,0.,1.));
#2173=DIRECTION('refdir',(1.,0.,0.));
#2174=DIRECTION('center_axis',(5.40557216228356E-31,1.22464679914735E-16,
-1.));
#2175=DIRECTION('ref_axis',(-1.,8.82796928232226E-15,5.40557216228356E-31));
#2176=DIRECTION('center_axis',(-5.40557216228356E-31,-1.22464679914735E-16,
1.));
#2177=DIRECTION('ref_axis',(-1.,4.41398464116113E-15,0.));
#2178=DIRECTION('center_axis',(5.40557216228356E-31,1.22464679914735E-16,
-1.));
#2179=DIRECTION('ref_axis',(-1.,8.82796928232226E-15,5.40557216228356E-31));
#2180=DIRECTION('center_axis',(-5.40557216228356E-31,-1.22464679914735E-16,
1.));
#2181=DIRECTION('ref_axis',(-1.,4.41398464116113E-15,0.));
#2182=DIRECTION('center_axis',(-5.40557216228356E-31,-1.22464679914735E-16,
1.));
#2183=DIRECTION('ref_axis',(-1.,4.41398464116113E-15,0.));
#2184=DIRECTION('center_axis',(5.40557216228356E-31,1.22464679914735E-16,
-1.));
#2185=DIRECTION('ref_axis',(-1.,4.41398464116113E-15,6.2557967157358E-47));
#2186=DIRECTION('',(-0.554700196225228,2.4824037375769E-15,-0.832050294337844));
#2187=DIRECTION('center_axis',(5.40557216228356E-31,1.22464679914735E-16,
-1.));
#2188=DIRECTION('ref_axis',(-1.,4.41398464116113E-15,0.));
#2189=DIRECTION('center_axis',(5.40557216228356E-31,1.22464679914735E-16,
-1.));
#2190=DIRECTION('ref_axis',(-1.,8.82796928232226E-15,5.40557216228356E-31));
#2191=DIRECTION('',(1.,1.20442235806307E-14,2.0155492018518E-30));
#2192=DIRECTION('',(6.6209769617417E-15,1.,1.22464679914735E-16));
#2193=DIRECTION('',(-1.,2.48151808369245E-14,2.49842596199188E-30));
#2194=DIRECTION('',(-1.42936826343229E-14,-1.,-1.22464679914735E-16));
#2195=DIRECTION('',(-1.,8.82796928232226E-15,5.40557216228356E-31));
#2196=DIRECTION('',(3.36225593032165E-15,1.,1.22464679914735E-16));
#2197=DIRECTION('',(-1.,-9.82377753138037E-15,-1.74362298716242E-30));
#2198=DIRECTION('',(-6.80395588393939E-15,-1.,-1.22464679914735E-16));
#2199=DIRECTION('',(1.,-2.70356268861749E-14,-2.77035217668127E-30));
#2200=DIRECTION('',(3.06908226903247E-14,1.,1.22464679914735E-16));
#2201=DIRECTION('',(1.,-8.82796928232226E-15,-5.40557216228356E-31));
#2202=DIRECTION('',(-8.82796928232226E-15,-1.,-1.22464679914735E-16));
#2203=DIRECTION('center_axis',(5.40557216228356E-31,1.22464679914735E-16,
-1.));
#2204=DIRECTION('ref_axis',(-1.,4.41398464116113E-15,6.2557967157358E-47));
#2205=DIRECTION('center_axis',(-5.40557216228356E-31,-1.22464679914735E-16,
1.));
#2206=DIRECTION('ref_axis',(-1.,4.41398464116113E-15,0.));
#2207=DIRECTION('',(-0.554700196225228,2.4824037375769E-15,-0.832050294337844));
#2208=DIRECTION('center_axis',(5.40557216228356E-31,1.22464679914735E-16,
-1.));
#2209=DIRECTION('ref_axis',(-1.,4.41398464116113E-15,0.));
#2210=DIRECTION('center_axis',(5.40557216228356E-31,1.22464679914735E-16,
-1.));
#2211=DIRECTION('ref_axis',(-1.,4.41398464116113E-15,0.));
#2212=DIRECTION('center_axis',(-5.40557216228356E-31,-1.22464679914735E-16,
1.));
#2213=DIRECTION('ref_axis',(-1.,4.41398464116113E-15,0.));
#2214=DIRECTION('',(-5.40557216228356E-31,-1.22464679914735E-16,1.));
#2215=DIRECTION('center_axis',(5.40557216228356E-31,1.22464679914735E-16,
-1.));
#2216=DIRECTION('ref_axis',(-1.,4.41398464116113E-15,0.));
#2217=DIRECTION('center_axis',(5.40557216228356E-31,1.22464679914735E-16,
-1.));
#2218=DIRECTION('ref_axis',(-1.,4.41398464116113E-15,0.));
#2219=DIRECTION('center_axis',(-5.40557216228356E-31,-1.22464679914735E-16,
1.));
#2220=DIRECTION('ref_axis',(-1.,4.41398464116113E-15,0.));
#2221=DIRECTION('',(-5.40557216228356E-31,-1.22464679914735E-16,1.));
#2222=DIRECTION('center_axis',(5.40557216228356E-31,1.22464679914735E-16,
-1.));
#2223=DIRECTION('ref_axis',(-1.,4.41398464116113E-15,0.));
#2224=DIRECTION('center_axis',(1.,-6.6209769617417E-15,-2.70278608114178E-31));
#2225=DIRECTION('ref_axis',(-5.40557216228356E-31,-1.22464679914735E-16,
1.));
#2226=DIRECTION('',(-6.6209769617417E-15,-1.,-1.22464679914735E-16));
#2227=DIRECTION('',(-4.6817377077275E-15,-0.707106781186554,-0.707106781186541));
#2228=DIRECTION('',(5.40557216228356E-31,1.22464679914735E-16,-1.));
#2229=DIRECTION('',(6.6209769617417E-15,1.,1.22464679914735E-16));
#2230=DIRECTION('',(-5.40557216228356E-31,-1.22464679914735E-16,1.));
#2231=DIRECTION('',(4.68173770772747E-15,0.707106781186548,0.707106781186547));
#2232=DIRECTION('',(4.68173770772746E-15,0.707106781186547,-0.707106781186548));
#2233=DIRECTION('',(5.40557216228356E-31,1.22464679914735E-16,-1.));
#2234=DIRECTION('',(6.6209769617417E-15,1.,1.22464679914735E-16));
#2235=DIRECTION('',(-5.40557216228356E-31,-1.22464679914735E-16,1.));
#2236=DIRECTION('',(-4.68173770772746E-15,-0.707106781186548,0.707106781186547));
#2237=DIRECTION('center_axis',(-1.,6.6209769617417E-15,2.70278608114178E-31));
#2238=DIRECTION('ref_axis',(8.82796928232226E-15,1.,1.22464679914735E-16));
#2239=DIRECTION('center_axis',(-1.,6.6209769617417E-15,2.70278608114178E-31));
#2240=DIRECTION('ref_axis',(8.82796928232226E-15,1.,1.22464679914735E-16));
#2241=DIRECTION('center_axis',(-1.,6.6209769617417E-15,2.70278608114178E-31));
#2242=DIRECTION('ref_axis',(8.82796928232226E-15,1.,1.22464679914735E-16));
#2243=DIRECTION('center_axis',(-8.51655216799088E-15,0.707106781186548,
0.707106781186547));
#2244=DIRECTION('ref_axis',(-1.,8.82796928232227E-15,-2.0872192862953E-14));
#2245=DIRECTION('',(0.577350269189624,0.57735026918963,-0.577350269189624));
#2246=DIRECTION('',(-1.,-1.20442235806307E-14,-2.0155492018518E-30));
#2247=DIRECTION('center_axis',(-1.20442235806307E-14,1.,1.22464679914735E-16));
#2248=DIRECTION('ref_axis',(1.,1.20442235806307E-14,2.0155492018518E-30));
#2249=DIRECTION('',(5.40557216228356E-31,1.22464679914735E-16,-1.));
#2250=DIRECTION('',(-1.,-1.20442235806307E-14,-2.0155492018518E-30));
#2251=DIRECTION('center_axis',(5.40557216228356E-31,1.22464679914735E-16,
-1.));
#2252=DIRECTION('ref_axis',(1.,-8.82796928232226E-15,-5.40557216228356E-31));
#2253=DIRECTION('',(8.82796928232226E-15,1.,1.22464679914735E-16));
#2254=DIRECTION('',(1.,-8.82796928232226E-15,-5.40557216228356E-31));
#2255=DIRECTION('',(-3.06908226903247E-14,-1.,-1.22464679914735E-16));
#2256=DIRECTION('',(-1.,2.70356268861749E-14,2.77035217668127E-30));
#2257=DIRECTION('',(-6.80395588393939E-15,-1.,-1.22464679914735E-16));
#2258=DIRECTION('',(-1.,7.60775058154534E-15,3.91123523611736E-31));
#2259=DIRECTION('center_axis',(-7.60775058154534E-15,-1.,-1.22464679914735E-16));
#2260=DIRECTION('ref_axis',(1.,-7.60775058154534E-15,-3.91123523611736E-31));
#2261=DIRECTION('',(5.40557216228356E-31,1.22464679914735E-16,-1.));
#2262=DIRECTION('',(1.,-7.60775058154534E-15,-3.91123523611736E-31));
#2263=DIRECTION('center_axis',(-5.37949202578661E-15,-0.707106781186547,
-0.707106781186548));
#2264=DIRECTION('ref_axis',(1.,-8.82796928232226E-15,1.22021870077692E-15));
#2265=DIRECTION('',(4.81112334442766E-15,0.707106781186548,-0.707106781186547));
#2266=DIRECTION('',(-1.,7.60775058154534E-15,3.91123523611736E-31));
#2267=DIRECTION('center_axis',(-8.82796928232226E-15,-1.,-1.22464679914735E-16));
#2268=DIRECTION('ref_axis',(-1.,8.82796928232226E-15,5.40557216228356E-31));
#2269=DIRECTION('',(1.,-8.82796928232226E-15,-5.40557216228356E-31));
#2270=DIRECTION('',(-5.40557216228356E-31,-1.22464679914735E-16,1.));
#2271=DIRECTION('',(-1.,8.82796928232226E-15,5.40557216228356E-31));
#2272=DIRECTION('',(5.40557216228356E-31,1.22464679914735E-16,-1.));
#2273=DIRECTION('center_axis',(-1.,3.36225593032165E-15,-1.28799619930094E-31));
#2274=DIRECTION('ref_axis',(3.36225593032165E-15,1.,1.22464679914735E-16));
#2275=DIRECTION('',(-3.36225593032165E-15,-1.,-1.22464679914735E-16));
#2276=DIRECTION('',(-3.36225593032165E-15,-1.,-1.22464679914735E-16));
#2277=DIRECTION('',(5.40557216228356E-31,1.22464679914735E-16,-1.));
#2278=DIRECTION('center_axis',(1.,-3.36225593032165E-15,1.28799619930094E-31));
#2279=DIRECTION('ref_axis',(8.82796928232226E-15,1.,1.22464679914735E-16));
#2280=DIRECTION('center_axis',(1.,-3.36225593032165E-15,1.28799619930094E-31));
#2281=DIRECTION('ref_axis',(8.82796928232226E-15,1.,1.22464679914735E-16));
#2282=DIRECTION('center_axis',(-2.48151808369245E-14,-1.,-1.22464679914735E-16));
#2283=DIRECTION('ref_axis',(-1.,2.48151808369245E-14,2.49842596199188E-30));
#2284=DIRECTION('',(1.,-2.48151808369245E-14,-2.49842596199188E-30));
#2285=DIRECTION('',(5.40557216228356E-31,1.22464679914735E-16,-1.));
#2286=DIRECTION('',(1.,-2.48151808369245E-14,-2.49842596199188E-30));
#2287=DIRECTION('center_axis',(1.,-1.42936826343229E-14,-1.2099140523868E-30));
#2288=DIRECTION('ref_axis',(-1.42936826343229E-14,-1.,-1.22464679914735E-16));
#2289=DIRECTION('',(1.42936826343229E-14,1.,1.22464679914735E-16));
#2290=DIRECTION('',(1.42936826343229E-14,1.,1.22464679914735E-16));
#2291=DIRECTION('center_axis',(-1.,1.42936826343229E-14,1.2099140523868E-30));
#2292=DIRECTION('ref_axis',(8.82796928232226E-15,1.,1.22464679914735E-16));
#2293=DIRECTION('center_axis',(-1.,1.42936826343229E-14,1.2099140523868E-30));
#2294=DIRECTION('ref_axis',(8.82796928232226E-15,1.,1.22464679914735E-16));
#2295=DIRECTION('center_axis',(-1.,3.06908226903247E-14,3.21798456086216E-30));
#2296=DIRECTION('ref_axis',(3.06908226903247E-14,1.,1.22464679914735E-16));
#2297=DIRECTION('',(-3.06908226903247E-14,-1.,-1.22464679914735E-16));
#2298=DIRECTION('',(5.40557216228356E-31,1.22464679914735E-16,-1.));
#2299=DIRECTION('',(-5.40557216228356E-31,-1.22464679914735E-16,1.));
#2300=DIRECTION('center_axis',(1.,-3.06908226903247E-14,-3.21798456086216E-30));
#2301=DIRECTION('ref_axis',(8.82796928232226E-15,1.,1.22464679914735E-16));
#2302=DIRECTION('center_axis',(2.70356268861749E-14,1.,1.22464679914735E-16));
#2303=DIRECTION('ref_axis',(1.,-2.70356268861749E-14,-2.77035217668127E-30));
#2304=DIRECTION('',(-5.40557216228356E-31,-1.22464679914735E-16,1.));
#2305=DIRECTION('',(-1.,2.70356268861749E-14,2.77035217668127E-30));
#2306=DIRECTION('center_axis',(8.82796928232226E-15,1.,1.22464679914735E-16));
#2307=DIRECTION('ref_axis',(1.,-8.82796928232226E-15,-5.40557216228356E-31));
#2308=DIRECTION('',(-1.,8.82796928232226E-15,5.40557216228356E-31));
#2309=DIRECTION('',(5.40557216228356E-31,1.22464679914735E-16,-1.));
#2310=DIRECTION('center_axis',(1.,-8.82796928232226E-15,-5.40557216228356E-31));
#2311=DIRECTION('ref_axis',(-8.82796928232226E-15,-1.,-1.22464679914735E-16));
#2312=DIRECTION('',(8.82796928232226E-15,1.,1.22464679914735E-16));
#2313=DIRECTION('center_axis',(-1.,8.82796928232226E-15,5.40557216228356E-31));
#2314=DIRECTION('ref_axis',(8.82796928232226E-15,1.,1.22464679914735E-16));
#2315=DIRECTION('center_axis',(-1.,8.82796928232226E-15,5.40557216228356E-31));
#2316=DIRECTION('ref_axis',(8.82796928232226E-15,1.,1.22464679914735E-16));
#2317=DIRECTION('',(1.,-8.82796928232226E-15,-5.40557216228356E-31));
#2318=DIRECTION('center_axis',(-1.,8.82796928232226E-15,5.40557216228356E-31));
#2319=DIRECTION('ref_axis',(8.82796928232226E-15,1.,1.22464679914735E-16));
#2320=DIRECTION('center_axis',(1.,-6.80395588393939E-15,-2.92687063252262E-31));
#2321=DIRECTION('ref_axis',(8.82796928232226E-15,1.,1.22464679914735E-16));
#2322=DIRECTION('',(1.,-8.82796928232226E-15,-5.40557216228356E-31));
#2323=DIRECTION('center_axis',(-1.,8.82796928232226E-15,5.40557216228356E-31));
#2324=DIRECTION('ref_axis',(8.82796928232226E-15,1.,1.22464679914735E-16));
#2325=DIRECTION('',(1.,-8.82796928232226E-15,-5.40557216228356E-31));
#2326=DIRECTION('center_axis',(-1.,8.82796928232226E-15,5.40557216228356E-31));
#2327=DIRECTION('ref_axis',(8.82796928232226E-15,1.,1.22464679914735E-16));
#2328=DIRECTION('center_axis',(1.,-6.80395588393939E-15,-2.92687063252262E-31));
#2329=DIRECTION('ref_axis',(8.82796928232226E-15,1.,1.22464679914735E-16));
#2330=DIRECTION('',(1.,-8.82796928232226E-15,-5.40557216228356E-31));
#2331=DIRECTION('center_axis',(-1.,8.82796928232226E-15,5.40557216228356E-31));
#2332=DIRECTION('ref_axis',(8.82796928232226E-15,1.,1.22464679914735E-16));
#2333=DIRECTION('',(1.,-8.82796928232226E-15,-5.40557216228356E-31));
#2334=DIRECTION('center_axis',(-1.,8.82796928232226E-15,5.40557216228356E-31));
#2335=DIRECTION('ref_axis',(8.82796928232226E-15,1.,1.22464679914735E-16));
#2336=DIRECTION('center_axis',(1.,-6.80395588393939E-15,-2.92687063252262E-31));
#2337=DIRECTION('ref_axis',(8.82796928232226E-15,1.,1.22464679914735E-16));
#2338=DIRECTION('',(1.,-8.82796928232226E-15,-5.40557216228356E-31));
#2339=DIRECTION('center_axis',(5.40557216228356E-31,1.22464679914735E-16,
-1.));
#2340=DIRECTION('ref_axis',(-1.,8.82796928232226E-15,5.40557216228356E-31));
#2341=DIRECTION('',(6.80395588393939E-15,1.,1.22464679914735E-16));
#2342=DIRECTION('',(1.,-9.27162524030536E-15,-5.94889401115021E-31));
#2343=DIRECTION('center_axis',(6.55602908004022E-15,0.707106781186541,-0.707106781186554));
#2344=DIRECTION('ref_axis',(1.,-8.82796928232226E-15,4.43655957983089E-16));
#2345=DIRECTION('',(4.8111233444277E-15,0.707106781186554,0.707106781186541));
#2346=DIRECTION('',(-1.,9.27162524030536E-15,5.94889401115021E-31));
#2347=DIRECTION('center_axis',(0.707106781186551,-6.32891254926019E-15,
0.707106781186544));
#2348=DIRECTION('ref_axis',(-0.707106781186544,6.15572133801303E-15,0.707106781186551));
#2349=DIRECTION('',(0.577350269189627,0.577350269189623,-0.577350269189627));
#2350=DIRECTION('center_axis',(6.24231694363661E-15,0.707106781186547,0.707106781186548));
#2351=DIRECTION('ref_axis',(-1.,8.82796928232226E-15,5.40557216228356E-31));
#2352=DIRECTION('',(-0.577350269189612,0.577350269189636,-0.577350269189629));
#2353=DIRECTION('center_axis',(-0.707106781186546,2.1615093238899E-14,0.707106781186549));
#2354=DIRECTION('ref_axis',(-0.707106781186549,6.32891254926017E-15,-0.707106781186546));
#2355=DIRECTION('',(-0.577350269189608,0.577350269189643,-0.577350269189625));
#2356=DIRECTION('center_axis',(-1.75469826461598E-14,-0.707106781186547,
0.707106781186548));
#2357=DIRECTION('ref_axis',(-1.,8.82796928232227E-15,-1.59872115546022E-14));
#2358=DIRECTION('',(-0.577350269189596,0.577350269189647,0.577350269189634));
#2359=DIRECTION('center_axis',(-0.707106781186546,2.29087836279157E-15,
0.707106781186549));
#2360=DIRECTION('ref_axis',(-0.707106781186549,6.32891254926017E-15,-0.707106781186546));
#2361=DIRECTION('',(-0.577350269189631,-0.577350269189621,-0.577350269189625));
#2362=DIRECTION('',(-0.577350269189628,-0.577350269189628,-0.577350269189621));
#2363=DIRECTION('center_axis',(-6.2423169436366E-15,-0.707106781186547,
0.707106781186548));
#2364=DIRECTION('ref_axis',(-1.,8.82796928232226E-15,5.40557216228356E-31));
#2365=DIRECTION('',(0.577350269189598,-0.577350269189643,-0.577350269189636));
#2366=DIRECTION('center_axis',(0.707106781186559,-1.01937555244818E-14,
0.707106781186536));
#2367=DIRECTION('ref_axis',(-0.707106781186536,6.15572133801296E-15,0.707106781186559));
#2368=DIRECTION('center_axis',(9.27162524030536E-15,1.,1.22464679914735E-16));
#2369=DIRECTION('ref_axis',(-1.,9.27162524030536E-15,5.94889401115021E-31));
#2370=DIRECTION('',(-5.40557216228356E-31,-1.22464679914735E-16,1.));
#2371=DIRECTION('',(-1.,9.27162524030536E-15,5.94889401115021E-31));
#2372=DIRECTION('center_axis',(5.40557216228356E-31,1.22464679914735E-16,
-1.));
#2373=DIRECTION('ref_axis',(1.,-8.82796928232226E-15,-5.40557216228356E-31));
#2374=DIRECTION('',(-6.80395588393939E-15,-1.,-1.22464679914735E-16));
#2375=DIRECTION('',(1.,9.82377753138037E-15,1.74362298716242E-30));
#2376=DIRECTION('center_axis',(9.82377753138037E-15,-1.,-1.22464679914735E-16));
#2377=DIRECTION('ref_axis',(-1.,-9.82377753138037E-15,-1.74362298716242E-30));
#2378=DIRECTION('',(5.40557216228356E-31,1.22464679914735E-16,-1.));
#2379=DIRECTION('',(1.,9.82377753138037E-15,1.74362298716242E-30));
#2380=DIRECTION('center_axis',(6.94645970930709E-15,-0.707106781186547,
0.707106781186548));
#2381=DIRECTION('ref_axis',(-1.,8.82796928232226E-15,1.86517468137026E-14));
#2382=DIRECTION('',(-4.81112334442766E-15,-0.707106781186548,-0.707106781186547));
#2383=DIRECTION('center_axis',(1.91170751048436E-14,0.707106781186546,0.707106781186549));
#2384=DIRECTION('ref_axis',(-1.,8.82796928232226E-15,1.82076576038526E-14));
#2385=DIRECTION('',(-4.81112334442766E-15,-0.707106781186549,0.707106781186546));
#2386=DIRECTION('center_axis',(-1.,6.80395588393939E-15,2.92687063252262E-31));
#2387=DIRECTION('ref_axis',(5.40557216228356E-31,1.22464679914735E-16,-1.));
#2388=DIRECTION('',(0.,0.,1.));
#2389=DIRECTION('',(1.,0.,0.));
#2390=DIRECTION('',(0.,0.,-1.));
#2391=DIRECTION('',(-1.,4.41398464116113E-15,0.));
#2392=CARTESIAN_POINT('',(0.,0.,0.));
#2393=CARTESIAN_POINT('',(0.,0.,0.));
#2394=CARTESIAN_POINT('',(0.,0.,0.));
#2395=CARTESIAN_POINT('',(0.,0.,0.));
#2396=CARTESIAN_POINT('Origin',(368.5,-70.9876765014278,18.));
#2397=CARTESIAN_POINT('',(291.15,-115.487676501428,18.));
#2398=CARTESIAN_POINT('Origin',(293.5,-115.487676501428,18.));
#2399=CARTESIAN_POINT('Origin',(368.5,-70.9876765014278,18.));
#2400=CARTESIAN_POINT('',(291.15,-29.4876765014276,18.));
#2401=CARTESIAN_POINT('Origin',(293.5,-29.4876765014276,18.));
#2402=CARTESIAN_POINT('Origin',(293.5,-29.4876765014276,21.5));
#2403=CARTESIAN_POINT('',(286.5,-29.4876765014276,20.));
#2404=CARTESIAN_POINT('Origin',(293.5,-29.4876765014276,20.));
#2405=CARTESIAN_POINT('',(288.5,-29.4876765014276,23.));
#2406=CARTESIAN_POINT('',(287.5,-29.4876765014276,21.5));
#2407=CARTESIAN_POINT('Origin',(293.5,-29.4876765014276,23.));
#2408=CARTESIAN_POINT('Origin',(368.5,-70.9876765014278,20.));
#2409=CARTESIAN_POINT('',(203.5,-8.00000000000023,20.));
#2410=CARTESIAN_POINT('',(216.5,-8.00000000000047,20.));
#2411=CARTESIAN_POINT('',(281.000000000001,-8.00000000000164,20.));
#2412=CARTESIAN_POINT('',(203.5,-136.975353002856,20.));
#2413=CARTESIAN_POINT('',(203.5,-70.9876765014281,20.));
#2414=CARTESIAN_POINT('',(216.5,-136.975353002856,20.));
#2415=CARTESIAN_POINT('',(291.000000000001,-136.975353002855,20.));
#2416=CARTESIAN_POINT('',(216.5,-149.975353002857,20.));
#2417=CARTESIAN_POINT('',(216.5,-111.981514752143,20.));
#2418=CARTESIAN_POINT('',(355.5,-149.975353002857,20.));
#2419=CARTESIAN_POINT('',(529.977762574176,-149.975353002857,20.));
#2420=CARTESIAN_POINT('',(355.5,-136.975353002856,20.));
#2421=CARTESIAN_POINT('',(355.5,-105.481514752142,20.));
#2422=CARTESIAN_POINT('',(368.5,-136.975353002856,20.));
#2423=CARTESIAN_POINT('',(373.5,-136.975353002856,20.));
#2424=CARTESIAN_POINT('',(368.5,-8.,20.));
#2425=CARTESIAN_POINT('',(368.5,-70.9876765014278,20.));
#2426=CARTESIAN_POINT('',(355.5,-8.00000000000027,20.));
#2427=CARTESIAN_POINT('',(363.499999999999,-8.0000000000001,20.));
#2428=CARTESIAN_POINT('',(355.5,5.,20.));
#2429=CARTESIAN_POINT('',(355.5,-31.4938382507138,20.));
#2430=CARTESIAN_POINT('',(216.5,5.,20.));
#2431=CARTESIAN_POINT('',(188.25,5.,20.));
#2432=CARTESIAN_POINT('',(216.499999999999,-37.9938382507125,20.));
#2433=CARTESIAN_POINT('',(286.5,-115.487676501428,20.));
#2434=CARTESIAN_POINT('Origin',(293.5,-115.487676501428,20.));
#2435=CARTESIAN_POINT('Origin',(293.5,-115.487676501428,21.5));
#2436=CARTESIAN_POINT('',(288.5,-115.487676501428,23.));
#2437=CARTESIAN_POINT('',(287.5,-115.487676501428,21.5));
#2438=CARTESIAN_POINT('Origin',(293.5,-115.487676501428,23.));
#2439=CARTESIAN_POINT('Origin',(293.5,-29.4876765014276,20.));
#2440=CARTESIAN_POINT('',(291.15,-29.4876765014276,23.));
#2441=CARTESIAN_POINT('Origin',(293.5,-29.4876765014276,23.));
#2442=CARTESIAN_POINT('',(291.15,-29.4876765014276,20.));
#2443=CARTESIAN_POINT('Origin',(293.5,-29.4876765014276,23.));
#2444=CARTESIAN_POINT('Origin',(293.5,-115.487676501428,20.));
#2445=CARTESIAN_POINT('',(291.15,-115.487676501428,23.));
#2446=CARTESIAN_POINT('Origin',(293.5,-115.487676501428,23.));
#2447=CARTESIAN_POINT('',(291.15,-115.487676501428,20.));
#2448=CARTESIAN_POINT('Origin',(293.5,-115.487676501428,23.));
#2449=CARTESIAN_POINT('Origin',(296.,14.0000000000003,35.));
#2450=CARTESIAN_POINT('',(301.,16.0000000000004,35.));
#2451=CARTESIAN_POINT('',(296.,16.0000000000004,30.));
#2452=CARTESIAN_POINT('Origin',(296.,16.,35.));
#2453=CARTESIAN_POINT('',(296.,8.,30.));
#2454=CARTESIAN_POINT('',(296.,14.0000000000003,30.));
#2455=CARTESIAN_POINT('',(301.,8.,35.));
#2456=CARTESIAN_POINT('Origin',(296.,8.,35.));
#2457=CARTESIAN_POINT('',(301.,14.0000000000003,35.));
#2458=CARTESIAN_POINT('Origin',(286.,12.0000000000002,30.));
#2459=CARTESIAN_POINT('',(276.,16.0000000000004,30.));
#2460=CARTESIAN_POINT('',(138.,16.0000000000002,30.));
#2461=CARTESIAN_POINT('',(276.,8.,30.));
#2462=CARTESIAN_POINT('',(276.,10.0000000000001,30.));
#2463=CARTESIAN_POINT('',(147.,8.,30.));
#2464=CARTESIAN_POINT('Origin',(276.,10.0000000000001,35.));
#2465=CARTESIAN_POINT('',(271.,8.,35.));
#2466=CARTESIAN_POINT('Origin',(276.,8.,35.));
#2467=CARTESIAN_POINT('',(271.,16.0000000000003,35.));
#2468=CARTESIAN_POINT('Origin',(276.,16.,35.));
#2469=CARTESIAN_POINT('',(271.,10.0000000000001,35.));
#2470=CARTESIAN_POINT('Origin',(301.,16.0000000000004,40.));
#2471=CARTESIAN_POINT('',(301.,8.00000000000005,40.));
#2472=CARTESIAN_POINT('',(301.,8.,30.));
#2473=CARTESIAN_POINT('',(301.,16.0000000000004,40.));
#2474=CARTESIAN_POINT('',(301.,-7.74999999999959,40.));
#2475=CARTESIAN_POINT('',(301.,16.0000000000004,30.));
#2476=CARTESIAN_POINT('Origin',(271.,8.00000000000005,40.));
#2477=CARTESIAN_POINT('',(271.,16.0000000000003,40.));
#2478=CARTESIAN_POINT('',(271.,16.0000000000003,30.));
#2479=CARTESIAN_POINT('',(271.,8.00000000000005,40.));
#2480=CARTESIAN_POINT('',(271.,-11.7499999999997,40.));
#2481=CARTESIAN_POINT('',(271.,8.,30.));
#2482=CARTESIAN_POINT('Origin',(-10.,16.,20.));
#2483=CARTESIAN_POINT('',(368.5,16.0000000000005,40.));
#2484=CARTESIAN_POINT('',(552.75,16.0000000000007,40.));
#2485=CARTESIAN_POINT('',(368.5,16.0000000000005,17.));
#2486=CARTESIAN_POINT('',(368.5,16.0000000000005,28.95));
#2487=CARTESIAN_POINT('',(203.5,16.0000000000003,17.));
#2488=CARTESIAN_POINT('',(179.25,16.0000000000002,17.));
#2489=CARTESIAN_POINT('',(203.5,16.0000000000003,40.));
#2490=CARTESIAN_POINT('',(203.5,16.0000000000003,29.25));
#2491=CARTESIAN_POINT('',(552.75,16.0000000000007,40.));
#2492=CARTESIAN_POINT('Origin',(368.5,-31.4999999999995,40.));
#2493=CARTESIAN_POINT('',(358.5,8.00000000000011,40.));
#2494=CARTESIAN_POINT('',(188.25,8.00000000000001,40.));
#2495=CARTESIAN_POINT('',(358.5,-5.00000000000022,40.));
#2496=CARTESIAN_POINT('',(358.5,4.75000000000025,40.));
#2497=CARTESIAN_POINT('',(368.5,-5.00000000000001,40.));
#2498=CARTESIAN_POINT('',(363.5,-5.00000000000011,40.));
#2499=CARTESIAN_POINT('',(368.5,-51.2438382507137,40.));
#2500=CARTESIAN_POINT('Origin',(368.5,-70.9876765014279,37.9));
#2501=CARTESIAN_POINT('',(368.5,15.0000000000005,16.));
#2502=CARTESIAN_POINT('',(368.5,-156.975353002856,16.));
#2503=CARTESIAN_POINT('',(368.5,-70.9876765014278,16.));
#2504=CARTESIAN_POINT('',(368.5,-0.77191912535657,0.228080874642966));
#2505=CARTESIAN_POINT('',(368.5,-5.,23.));
#2506=CARTESIAN_POINT('',(368.5,-5.00000000000001,28.95));
#2507=CARTESIAN_POINT('',(368.5,-18.521919125357,9.47808087464302));
#2508=CARTESIAN_POINT('',(368.5,-139.975353002856,23.));
#2509=CARTESIAN_POINT('',(368.5,-125.703433877499,8.72808087464295));
#2510=CARTESIAN_POINT('',(368.5,-139.975353002856,59.8));
#2511=CARTESIAN_POINT('',(368.5,-139.975353002856,28.95));
#2512=CARTESIAN_POINT('',(368.5,-157.975353002856,59.8));
#2513=CARTESIAN_POINT('',(368.5,-95.2376765014279,59.8));
#2514=CARTESIAN_POINT('',(368.5,-157.975353002856,17.));
#2515=CARTESIAN_POINT('',(368.5,-157.975353002856,28.95));
#2516=CARTESIAN_POINT('',(368.5,-141.203433877499,0.228080874642913));
#2517=CARTESIAN_POINT('',(368.5,-149.875353002857,29.95));
#2518=CARTESIAN_POINT('Origin',(368.5,-146.475353002857,29.95));
#2519=CARTESIAN_POINT('',(368.5,-149.875353002857,49.85));
#2520=CARTESIAN_POINT('Origin',(368.5,-146.475353002857,49.85));
#2521=CARTESIAN_POINT('',(368.5,-1.90000000000002,30.));
#2522=CARTESIAN_POINT('Origin',(368.5,1.49999999999998,30.));
#2523=CARTESIAN_POINT('Origin',(363.499999999999,-6.50000000000011,21.5));
#2524=CARTESIAN_POINT('',(358.5,-5.00000000000022,23.));
#2525=CARTESIAN_POINT('',(363.499999999999,-5.00000000000011,23.));
#2526=CARTESIAN_POINT('',(355.5,-8.00000000000027,20.));
#2527=CARTESIAN_POINT('Origin',(358.5,-5.00000000000022,20.));
#2528=CARTESIAN_POINT('',(358.5,-5.00000000000022,20.));
#2529=CARTESIAN_POINT('Origin',(368.5,-31.4999999999995,40.));
#2530=CARTESIAN_POINT('',(203.5,-5.00000000000023,40.));
#2531=CARTESIAN_POINT('',(203.5,-51.243838250714,40.));
#2532=CARTESIAN_POINT('',(213.5,-5.00000000000041,40.));
#2533=CARTESIAN_POINT('',(281.,-5.00000000000164,40.));
#2534=CARTESIAN_POINT('',(213.5,7.99999999999997,40.));
#2535=CARTESIAN_POINT('',(213.5,-1.74999999999832,40.));
#2536=CARTESIAN_POINT('',(188.25,8.00000000000001,40.));
#2537=CARTESIAN_POINT('Origin',(179.25,15.5000000000002,16.5));
#2538=CARTESIAN_POINT('',(203.5,15.0000000000003,16.));
#2539=CARTESIAN_POINT('',(179.25,15.0000000000002,16.));
#2540=CARTESIAN_POINT('',(203.5,-0.621919125356827,0.378080874642901));
#2541=CARTESIAN_POINT('Origin',(691.455525148351,-152.975353002857,20.));
#2542=CARTESIAN_POINT('',(213.5,-152.975353002857,23.));
#2543=CARTESIAN_POINT('',(358.5,-152.975353002857,23.));
#2544=CARTESIAN_POINT('',(529.977762574176,-152.975353002857,23.));
#2545=CARTESIAN_POINT('',(213.5,-152.975353002857,59.8));
#2546=CARTESIAN_POINT('',(213.5,-152.975353002857,20.));
#2547=CARTESIAN_POINT('',(358.5,-152.975353002856,59.8));
#2548=CARTESIAN_POINT('',(529.977762574176,-152.975353002857,59.8));
#2549=CARTESIAN_POINT('',(358.5,-152.975353002857,20.));
#2550=CARTESIAN_POINT('Origin',(213.5,-152.975353002857,20.));
#2551=CARTESIAN_POINT('',(213.5,-139.975353002856,23.));
#2552=CARTESIAN_POINT('',(213.5,-111.981514752143,23.));
#2553=CARTESIAN_POINT('',(213.5,-139.975353002856,59.8));
#2554=CARTESIAN_POINT('',(213.5,-139.975353002856,20.));
#2555=CARTESIAN_POINT('',(213.5,-149.725353002857,59.8));
#2556=CARTESIAN_POINT('',(213.5,-149.875353002857,29.95));
#2557=CARTESIAN_POINT('Origin',(213.5,-146.475353002857,29.95));
#2558=CARTESIAN_POINT('',(213.5,-149.875353002857,49.85));
#2559=CARTESIAN_POINT('Origin',(213.5,-146.475353002857,49.85));
#2560=CARTESIAN_POINT('Origin',(378.5,-139.975353002856,20.));
#2561=CARTESIAN_POINT('',(358.5,-139.975353002856,23.));
#2562=CARTESIAN_POINT('',(373.5,-139.975353002856,23.));
#2563=CARTESIAN_POINT('',(358.5,-139.975353002856,59.8));
#2564=CARTESIAN_POINT('',(358.5,-139.975353002856,20.));
#2565=CARTESIAN_POINT('',(373.5,-139.975353002856,59.8));
#2566=CARTESIAN_POINT('Origin',(358.5,-139.975353002856,20.));
#2567=CARTESIAN_POINT('',(358.5,-105.481514752142,23.));
#2568=CARTESIAN_POINT('',(358.5,-143.225353002856,59.8));
#2569=CARTESIAN_POINT('',(358.5,-149.875353002857,29.95));
#2570=CARTESIAN_POINT('Origin',(358.5,-146.475353002857,29.95));
#2571=CARTESIAN_POINT('',(358.5,-149.875353002857,49.85));
#2572=CARTESIAN_POINT('Origin',(358.5,-146.475353002857,49.85));
#2573=CARTESIAN_POINT('Origin',(213.5,-5.00000000000041,20.));
#2574=CARTESIAN_POINT('',(213.5,8.,23.));
#2575=CARTESIAN_POINT('',(213.5,-5.00000000000041,23.));
#2576=CARTESIAN_POINT('',(213.499999999999,-37.9938382507124,23.));
#2577=CARTESIAN_POINT('',(213.5,8.,20.));
#2578=CARTESIAN_POINT('',(213.5,-5.00000000000041,20.));
#2579=CARTESIAN_POINT('',(213.5,-1.90000000000002,30.));
#2580=CARTESIAN_POINT('Origin',(213.5,1.49999999999998,30.));
#2581=CARTESIAN_POINT('Origin',(193.5,-5.00000000000004,20.));
#2582=CARTESIAN_POINT('',(203.5,-5.00000000000023,23.));
#2583=CARTESIAN_POINT('',(203.5,-5.00000000000023,29.25));
#2584=CARTESIAN_POINT('',(281.000000000001,-5.00000000000164,23.));
#2585=CARTESIAN_POINT('Origin',(7.99999999999997,8.,20.));
#2586=CARTESIAN_POINT('',(358.5,8.,23.));
#2587=CARTESIAN_POINT('',(188.25,8.,23.));
#2588=CARTESIAN_POINT('',(358.5,8.,20.));
#2589=CARTESIAN_POINT('Origin',(358.5,8.00000000000011,20.));
#2590=CARTESIAN_POINT('',(358.5,-31.4938382507138,23.));
#2591=CARTESIAN_POINT('',(358.5,-1.90000000000002,30.));
#2592=CARTESIAN_POINT('Origin',(358.5,1.49999999999998,30.));
#2593=CARTESIAN_POINT('Origin',(193.5,1.49999999999998,30.));
#2594=CARTESIAN_POINT('',(193.5,-1.90000000000002,30.));
#2595=CARTESIAN_POINT('Origin',(193.5,1.49999999999998,30.));
#2596=CARTESIAN_POINT('',(203.5,-1.90000000000002,30.));
#2597=CARTESIAN_POINT('Origin',(203.5,1.49999999999998,30.));
#2598=CARTESIAN_POINT('',(193.5,-1.90000000000002,30.));
#2599=CARTESIAN_POINT('Origin',(193.5,-146.475353002857,49.85));
#2600=CARTESIAN_POINT('',(193.5,-149.875353002857,49.85));
#2601=CARTESIAN_POINT('Origin',(193.5,-146.475353002857,49.85));
#2602=CARTESIAN_POINT('',(203.5,-149.875353002857,49.85));
#2603=CARTESIAN_POINT('Origin',(203.5,-146.475353002857,49.85));
#2604=CARTESIAN_POINT('',(193.5,-149.875353002857,49.85));
#2605=CARTESIAN_POINT('Origin',(193.5,-146.475353002857,29.95));
#2606=CARTESIAN_POINT('',(193.5,-149.875353002857,29.95));
#2607=CARTESIAN_POINT('Origin',(193.5,-146.475353002857,29.95));
#2608=CARTESIAN_POINT('',(203.5,-149.875353002857,29.95));
#2609=CARTESIAN_POINT('Origin',(203.5,-146.475353002857,29.95));
#2610=CARTESIAN_POINT('',(193.5,-149.875353002857,29.95));
#2611=CARTESIAN_POINT('Origin',(368.5,-70.9876765014278,16.));
#2612=CARTESIAN_POINT('',(203.5,-156.975353002856,16.));
#2613=CARTESIAN_POINT('',(528.656247870601,-156.975353002856,16.));
#2614=CARTESIAN_POINT('',(203.5,-70.9876765014281,16.));
#2615=CARTESIAN_POINT('Origin',(528.656247870601,-157.475353002856,16.5));
#2616=CARTESIAN_POINT('',(203.5,-157.975353002856,17.));
#2617=CARTESIAN_POINT('',(528.656247870601,-157.975353002856,17.));
#2618=CARTESIAN_POINT('',(203.5,-141.353433877499,0.378080874643079));
#2619=CARTESIAN_POINT('Origin',(357.,-31.4938382507138,21.5));
#2620=CARTESIAN_POINT('',(355.5,5.,20.));
#2621=CARTESIAN_POINT('Origin',(188.25,6.5,21.5));
#2622=CARTESIAN_POINT('',(216.5,5.,20.));
#2623=CARTESIAN_POINT('Origin',(214.999999999999,-37.9938382507124,21.5));
#2624=CARTESIAN_POINT('',(216.5,-8.00000000000047,20.));
#2625=CARTESIAN_POINT('Origin',(373.5,-138.475353002856,21.5));
#2626=CARTESIAN_POINT('',(358.5,-139.975353002856,23.));
#2627=CARTESIAN_POINT('Origin',(215.,-111.981514752143,21.5));
#2628=CARTESIAN_POINT('',(216.5,-136.975353002856,20.));
#2629=CARTESIAN_POINT('',(216.5,-149.975353002857,20.));
#2630=CARTESIAN_POINT('Origin',(529.977762574176,-151.475353002857,21.5));
#2631=CARTESIAN_POINT('',(355.5,-149.975353002857,20.));
#2632=CARTESIAN_POINT('Origin',(357.,-105.481514752142,21.5));
#2633=CARTESIAN_POINT('Origin',(688.812495741203,-157.975353002856,20.));
#2634=CARTESIAN_POINT('',(203.5,-157.975353002856,59.8));
#2635=CARTESIAN_POINT('',(528.656247870601,-157.975353002856,59.8));
#2636=CARTESIAN_POINT('',(203.5,-157.975353002856,29.25));
#2637=CARTESIAN_POINT('Origin',(368.5,-119.487676501428,59.8));
#2638=CARTESIAN_POINT('',(203.5,-139.975353002856,59.8));
#2639=CARTESIAN_POINT('',(291.,-139.975353002855,59.8));
#2640=CARTESIAN_POINT('',(203.5,-95.2376765014282,59.8));
#2641=CARTESIAN_POINT('Origin',(213.5,-139.975353002856,20.));
#2642=CARTESIAN_POINT('',(203.5,-139.975353002856,23.));
#2643=CARTESIAN_POINT('',(203.5,-139.975353002856,29.25));
#2644=CARTESIAN_POINT('',(291.000000000001,-139.975353002855,23.));
#2645=CARTESIAN_POINT('Origin',(291.000000000001,-138.475353002855,21.5));
#2646=CARTESIAN_POINT('',(203.5,-125.853433877499,8.87808087464256));
#2647=CARTESIAN_POINT('Origin',(281.000000000001,-6.50000000000164,21.5));
#2648=CARTESIAN_POINT('',(203.5,-18.3719191253576,9.62808087464262));
#2649=CARTESIAN_POINT('Origin',(203.5,-70.9876765014281,38.5));
#2650=CARTESIAN_POINT('',(0.,0.,0.));
#2651=CARTESIAN_POINT('',(0.,0.,0.));
#2652=CARTESIAN_POINT('',(0.,0.,0.));
#2653=CARTESIAN_POINT('Origin',(368.499999999999,-70.9876765014278,-18.));
#2654=CARTESIAN_POINT('',(295.849999999999,-115.487676501427,-18.));
#2655=CARTESIAN_POINT('Origin',(293.499999999999,-115.487676501427,-18.));
#2656=CARTESIAN_POINT('Origin',(368.499999999999,-70.9876765014278,-18.));
#2657=CARTESIAN_POINT('',(295.85,-29.4876765014272,-18.));
#2658=CARTESIAN_POINT('Origin',(293.5,-29.4876765014272,-18.));
#2659=CARTESIAN_POINT('Origin',(293.5,-29.4876765014272,-21.5));
#2660=CARTESIAN_POINT('',(300.5,-29.4876765014273,-20.));
#2661=CARTESIAN_POINT('Origin',(293.5,-29.4876765014272,-20.));
#2662=CARTESIAN_POINT('',(298.5,-29.4876765014273,-23.));
#2663=CARTESIAN_POINT('',(299.5,-29.4876765014273,-21.5));
#2664=CARTESIAN_POINT('Origin',(293.5,-29.4876765014272,-23.));
#2665=CARTESIAN_POINT('Origin',(368.499999999999,-70.9876765014278,-20.));
#2666=CARTESIAN_POINT('',(355.5,-8.00000000000015,-20.));
#2667=CARTESIAN_POINT('',(368.5,-7.99999999999998,-20.));
#2668=CARTESIAN_POINT('',(363.499999999999,-8.00000000000005,-20.));
#2669=CARTESIAN_POINT('',(368.499999999999,-136.975353002856,-20.));
#2670=CARTESIAN_POINT('',(368.499999999999,-70.9876765014278,-20.));
#2671=CARTESIAN_POINT('',(355.499999999999,-136.975353002856,-20.));
#2672=CARTESIAN_POINT('',(373.499999999998,-136.975353002856,-20.));
#2673=CARTESIAN_POINT('',(355.499999999999,-149.975353002856,-20.));
#2674=CARTESIAN_POINT('',(355.499999999999,-105.481514752142,-20.));
#2675=CARTESIAN_POINT('',(216.499999999999,-149.975353002855,-20.));
#2676=CARTESIAN_POINT('',(529.977762574174,-149.975353002858,-20.));
#2677=CARTESIAN_POINT('',(216.499999999999,-136.975353002855,-20.));
#2678=CARTESIAN_POINT('',(216.499999999999,-111.981514752141,-20.));
#2679=CARTESIAN_POINT('',(203.499999999999,-136.975353002855,-20.));
#2680=CARTESIAN_POINT('',(290.999999999999,-136.975353002854,-20.));
#2681=CARTESIAN_POINT('',(203.5,-7.99999999999876,-20.));
#2682=CARTESIAN_POINT('',(203.499999999999,-70.9876765014266,-20.));
#2683=CARTESIAN_POINT('',(216.5,-7.99999999999911,-20.));
#2684=CARTESIAN_POINT('',(281.,-8.00000000000086,-20.));
#2685=CARTESIAN_POINT('',(216.5,5.00000000000135,-20.));
#2686=CARTESIAN_POINT('',(216.499999999999,-37.9938382507111,-20.));
#2687=CARTESIAN_POINT('',(355.5,5.00000000000013,-20.));
#2688=CARTESIAN_POINT('',(188.25,5.0000000000016,-20.));
#2689=CARTESIAN_POINT('',(355.499999999999,-31.4938382507137,-20.));
#2690=CARTESIAN_POINT('',(300.499999999999,-115.487676501427,-20.));
#2691=CARTESIAN_POINT('Origin',(293.499999999999,-115.487676501427,-20.));
#2692=CARTESIAN_POINT('Origin',(293.499999999999,-115.487676501427,-21.5));
#2693=CARTESIAN_POINT('',(298.499999999999,-115.487676501427,-23.));
#2694=CARTESIAN_POINT('',(299.499999999999,-115.487676501427,-21.5));
#2695=CARTESIAN_POINT('Origin',(293.499999999999,-115.487676501427,-23.));
#2696=CARTESIAN_POINT('Origin',(293.5,-29.4876765014272,-20.));
#2697=CARTESIAN_POINT('',(295.85,-29.4876765014272,-23.));
#2698=CARTESIAN_POINT('Origin',(293.5,-29.4876765014272,-23.));
#2699=CARTESIAN_POINT('',(295.85,-29.4876765014272,-20.));
#2700=CARTESIAN_POINT('Origin',(293.5,-29.4876765014272,-23.));
#2701=CARTESIAN_POINT('Origin',(293.499999999999,-115.487676501427,-20.));
#2702=CARTESIAN_POINT('',(295.849999999999,-115.487676501427,-23.));
#2703=CARTESIAN_POINT('Origin',(293.499999999999,-115.487676501427,-23.));
#2704=CARTESIAN_POINT('',(295.849999999999,-115.487676501427,-20.));
#2705=CARTESIAN_POINT('Origin',(293.499999999999,-115.487676501427,-23.));
#2706=CARTESIAN_POINT('Origin',(368.499999999999,-70.9876765014278,-37.9));
#2707=CARTESIAN_POINT('',(368.5,15.0000000000005,-16.));
#2708=CARTESIAN_POINT('',(368.499999999999,-156.975353002856,-16.));
#2709=CARTESIAN_POINT('',(368.499999999999,-70.9876765014278,-16.));
#2710=CARTESIAN_POINT('',(368.499999999999,-157.975353002856,-17.));
#2711=CARTESIAN_POINT('',(368.499999999999,-141.203433877499,-0.228080874642913));
#2712=CARTESIAN_POINT('',(368.499999999999,-157.975353002856,-59.8));
#2713=CARTESIAN_POINT('',(368.499999999999,-157.975353002856,-28.95));
#2714=CARTESIAN_POINT('',(368.499999999999,-139.975353002856,-59.8));
#2715=CARTESIAN_POINT('',(368.499999999999,-95.2376765014279,-59.8));
#2716=CARTESIAN_POINT('',(368.499999999999,-139.975353002856,-23.));
#2717=CARTESIAN_POINT('',(368.499999999999,-139.975353002856,-28.95));
#2718=CARTESIAN_POINT('',(368.499999999999,-125.703433877499,-8.72808087464295));
#2719=CARTESIAN_POINT('',(368.5,-4.99999999999999,-23.));
#2720=CARTESIAN_POINT('',(368.5,-18.5219191253569,-9.47808087464302));
#2721=CARTESIAN_POINT('',(368.5,-5.,-40.));
#2722=CARTESIAN_POINT('',(368.5,-5.,-28.95));
#2723=CARTESIAN_POINT('',(368.5,16.0000000000005,-40.));
#2724=CARTESIAN_POINT('',(368.5,-51.2438382507137,-40.));
#2725=CARTESIAN_POINT('',(368.5,16.0000000000005,-17.));
#2726=CARTESIAN_POINT('',(368.5,16.0000000000005,-28.95));
#2727=CARTESIAN_POINT('',(368.5,-0.771919125356555,-0.228080874642966));
#2728=CARTESIAN_POINT('',(368.499999999999,-149.875353002857,-29.95));
#2729=CARTESIAN_POINT('Origin',(368.499999999999,-146.475353002857,-29.95));
#2730=CARTESIAN_POINT('',(368.499999999999,-149.875353002857,-49.85));
#2731=CARTESIAN_POINT('Origin',(368.499999999999,-146.475353002857,-49.85));
#2732=CARTESIAN_POINT('',(368.5,-1.90000000000001,-30.));
#2733=CARTESIAN_POINT('Origin',(368.5,1.49999999999999,-30.));
#2734=CARTESIAN_POINT('Origin',(363.499999999999,-6.50000000000005,-21.5));
#2735=CARTESIAN_POINT('',(358.5,-5.00000000000012,-23.));
#2736=CARTESIAN_POINT('',(355.5,-8.00000000000015,-20.));
#2737=CARTESIAN_POINT('',(363.499999999999,-5.00000000000005,-23.));
#2738=CARTESIAN_POINT('Origin',(358.5,-5.00000000000012,-20.));
#2739=CARTESIAN_POINT('',(358.5,-5.00000000000012,-40.));
#2740=CARTESIAN_POINT('',(358.5,-5.00000000000012,-20.));
#2741=CARTESIAN_POINT('',(363.5,-5.00000000000005,-40.));
#2742=CARTESIAN_POINT('Origin',(368.5,-31.4999999999995,-40.));
#2743=CARTESIAN_POINT('',(358.5,8.00000000000021,-40.));
#2744=CARTESIAN_POINT('',(358.5,4.75000000000035,-40.));
#2745=CARTESIAN_POINT('',(213.5,8.00000000000136,-40.));
#2746=CARTESIAN_POINT('',(188.25,8.00000000000161,-40.));
#2747=CARTESIAN_POINT('',(213.5,-4.99999999999902,-40.));
#2748=CARTESIAN_POINT('',(213.5,-1.74999999999693,-40.));
#2749=CARTESIAN_POINT('',(203.5,-4.99999999999876,-40.));
#2750=CARTESIAN_POINT('',(281.,-5.00000000000085,-40.));
#2751=CARTESIAN_POINT('',(203.5,16.0000000000017,-40.));
#2752=CARTESIAN_POINT('',(203.5,-51.2438382507125,-40.));
#2753=CARTESIAN_POINT('',(552.75,15.9999999999991,-40.));
#2754=CARTESIAN_POINT('Origin',(-10.,16.0000000000034,-20.));
#2755=CARTESIAN_POINT('',(203.5,16.0000000000017,-17.));
#2756=CARTESIAN_POINT('',(203.5,16.0000000000017,-29.25));
#2757=CARTESIAN_POINT('',(179.25,16.0000000000019,-17.));
#2758=CARTESIAN_POINT('Origin',(179.25,15.5000000000019,-16.5));
#2759=CARTESIAN_POINT('',(203.5,15.0000000000017,-16.));
#2760=CARTESIAN_POINT('',(203.5,-0.621919125355355,-0.378080874642901));
#2761=CARTESIAN_POINT('',(179.25,15.0000000000019,-16.));
#2762=CARTESIAN_POINT('Origin',(691.45552514835,-152.975353002859,-20.));
#2763=CARTESIAN_POINT('',(213.499999999999,-152.975353002855,-23.));
#2764=CARTESIAN_POINT('',(358.499999999999,-152.975353002857,-23.));
#2765=CARTESIAN_POINT('',(529.977762574174,-152.975353002858,-23.));
#2766=CARTESIAN_POINT('',(358.499999999999,-152.975353002856,-59.8));
#2767=CARTESIAN_POINT('',(358.499999999999,-152.975353002857,-20.));
#2768=CARTESIAN_POINT('',(213.499999999999,-152.975353002855,-59.8));
#2769=CARTESIAN_POINT('',(529.977762574174,-152.975353002858,-59.8));
#2770=CARTESIAN_POINT('',(213.499999999999,-152.975353002855,-20.));
#2771=CARTESIAN_POINT('Origin',(213.499999999999,-152.975353002855,-20.));
#2772=CARTESIAN_POINT('',(213.499999999999,-139.975353002855,-23.));
#2773=CARTESIAN_POINT('',(213.499999999999,-111.981514752141,-23.));
#2774=CARTESIAN_POINT('',(213.499999999999,-139.975353002855,-59.8));
#2775=CARTESIAN_POINT('',(213.499999999999,-149.725353002855,-59.8));
#2776=CARTESIAN_POINT('',(213.499999999999,-139.975353002855,-20.));
#2777=CARTESIAN_POINT('',(213.499999999999,-149.875353002855,-29.95));
#2778=CARTESIAN_POINT('Origin',(213.499999999999,-146.475353002855,-29.95));
#2779=CARTESIAN_POINT('',(213.499999999999,-149.875353002855,-49.85));
#2780=CARTESIAN_POINT('Origin',(213.499999999999,-146.475353002855,-49.85));
#2781=CARTESIAN_POINT('Origin',(378.499999999999,-139.975353002856,-20.));
#2782=CARTESIAN_POINT('',(358.499999999999,-139.975353002856,-59.8));
#2783=CARTESIAN_POINT('',(373.499999999999,-139.975353002856,-59.8));
#2784=CARTESIAN_POINT('',(358.499999999999,-139.975353002856,-23.));
#2785=CARTESIAN_POINT('',(358.499999999999,-139.975353002856,-20.));
#2786=CARTESIAN_POINT('',(373.499999999998,-139.975353002856,-23.));
#2787=CARTESIAN_POINT('Origin',(358.499999999999,-139.975353002856,-20.));
#2788=CARTESIAN_POINT('',(358.499999999999,-105.481514752142,-23.));
#2789=CARTESIAN_POINT('',(358.499999999999,-143.225353002856,-59.8));
#2790=CARTESIAN_POINT('',(358.499999999999,-149.875353002857,-29.95));
#2791=CARTESIAN_POINT('Origin',(358.499999999999,-146.475353002857,-29.95));
#2792=CARTESIAN_POINT('',(358.499999999999,-149.875353002857,-49.85));
#2793=CARTESIAN_POINT('Origin',(358.499999999999,-146.475353002857,-49.85));
#2794=CARTESIAN_POINT('Origin',(213.5,-4.99999999999902,-20.));
#2795=CARTESIAN_POINT('',(213.5,8.00000000000138,-23.));
#2796=CARTESIAN_POINT('',(213.5,-4.99999999999902,-23.));
#2797=CARTESIAN_POINT('',(213.499999999999,-37.993838250711,-23.));
#2798=CARTESIAN_POINT('',(213.5,-4.99999999999902,-20.));
#2799=CARTESIAN_POINT('',(213.5,8.00000000000138,-20.));
#2800=CARTESIAN_POINT('',(213.5,-1.89999999999864,-30.));
#2801=CARTESIAN_POINT('Origin',(213.5,1.50000000000136,-30.));
#2802=CARTESIAN_POINT('Origin',(193.5,-4.99999999999849,-20.));
#2803=CARTESIAN_POINT('',(203.5,-4.99999999999876,-23.));
#2804=CARTESIAN_POINT('',(203.5,-4.99999999999876,-29.25));
#2805=CARTESIAN_POINT('',(281.000000000001,-5.00000000000085,-23.));
#2806=CARTESIAN_POINT('Origin',(7.9999999999999,8.0000000000032,-20.));
#2807=CARTESIAN_POINT('',(358.5,8.0000000000001,-23.));
#2808=CARTESIAN_POINT('',(188.25,8.00000000000161,-23.));
#2809=CARTESIAN_POINT('',(358.5,8.0000000000001,-20.));
#2810=CARTESIAN_POINT('Origin',(358.5,8.00000000000021,-20.));
#2811=CARTESIAN_POINT('',(358.499999999999,-31.4938382507137,-23.));
#2812=CARTESIAN_POINT('',(358.5,-1.89999999999992,-30.));
#2813=CARTESIAN_POINT('Origin',(358.5,1.50000000000008,-30.));
#2814=CARTESIAN_POINT('Origin',(193.5,1.50000000000154,-30.));
#2815=CARTESIAN_POINT('',(193.5,-1.89999999999846,-30.));
#2816=CARTESIAN_POINT('Origin',(193.5,1.50000000000154,-30.));
#2817=CARTESIAN_POINT('',(203.5,-1.89999999999855,-30.));
#2818=CARTESIAN_POINT('Origin',(203.5,1.50000000000145,-30.));
#2819=CARTESIAN_POINT('',(193.5,-1.89999999999846,-30.));
#2820=CARTESIAN_POINT('Origin',(193.499999999999,-146.475353002855,-49.85));
#2821=CARTESIAN_POINT('',(193.499999999999,-149.875353002855,-49.85));
#2822=CARTESIAN_POINT('Origin',(193.499999999999,-146.475353002855,-49.85));
#2823=CARTESIAN_POINT('',(203.499999999999,-149.875353002855,-49.85));
#2824=CARTESIAN_POINT('Origin',(203.499999999999,-146.475353002855,-49.85));
#2825=CARTESIAN_POINT('',(193.499999999999,-149.875353002855,-49.85));
#2826=CARTESIAN_POINT('Origin',(193.499999999999,-146.475353002855,-29.95));
#2827=CARTESIAN_POINT('',(193.499999999999,-149.875353002855,-29.95));
#2828=CARTESIAN_POINT('Origin',(193.499999999999,-146.475353002855,-29.95));
#2829=CARTESIAN_POINT('',(203.499999999999,-149.875353002855,-29.95));
#2830=CARTESIAN_POINT('Origin',(203.499999999999,-146.475353002855,-29.95));
#2831=CARTESIAN_POINT('',(193.499999999999,-149.875353002855,-29.95));
#2832=CARTESIAN_POINT('Origin',(368.499999999999,-70.9876765014278,-16.));
#2833=CARTESIAN_POINT('',(203.499999999999,-156.975353002855,-16.));
#2834=CARTESIAN_POINT('',(203.499999999999,-70.9876765014266,-16.));
#2835=CARTESIAN_POINT('',(528.6562478706,-156.975353002858,-16.));
#2836=CARTESIAN_POINT('Origin',(528.6562478706,-157.475353002858,-16.5));
#2837=CARTESIAN_POINT('',(203.499999999999,-157.975353002855,-17.));
#2838=CARTESIAN_POINT('',(203.499999999999,-141.353433877498,-0.378080874643079));
#2839=CARTESIAN_POINT('',(528.6562478706,-157.975353002858,-17.));
#2840=CARTESIAN_POINT('Origin',(356.999999999999,-31.4938382507137,-21.5));
#2841=CARTESIAN_POINT('',(355.5,5.00000000000013,-20.));
#2842=CARTESIAN_POINT('Origin',(188.25,6.5000000000016,-21.5));
#2843=CARTESIAN_POINT('',(216.5,5.00000000000135,-20.));
#2844=CARTESIAN_POINT('Origin',(214.999999999999,-37.9938382507111,-21.5));
#2845=CARTESIAN_POINT('',(216.5,-7.99999999999911,-20.));
#2846=CARTESIAN_POINT('Origin',(373.499999999998,-138.475353002856,-21.5));
#2847=CARTESIAN_POINT('',(358.499999999999,-139.975353002856,-23.));
#2848=CARTESIAN_POINT('Origin',(214.999999999999,-111.981514752141,-21.5));
#2849=CARTESIAN_POINT('',(216.499999999999,-149.975353002855,-20.));
#2850=CARTESIAN_POINT('',(216.499999999999,-136.975353002855,-20.));
#2851=CARTESIAN_POINT('Origin',(529.977762574174,-151.475353002858,-21.5));
#2852=CARTESIAN_POINT('',(355.499999999999,-149.975353002856,-20.));
#2853=CARTESIAN_POINT('Origin',(356.999999999999,-105.481514752142,-21.5));
#2854=CARTESIAN_POINT('Origin',(688.812495741201,-157.975353002859,-20.));
#2855=CARTESIAN_POINT('',(203.499999999999,-157.975353002855,-59.8));
#2856=CARTESIAN_POINT('',(203.499999999999,-157.975353002855,-29.25));
#2857=CARTESIAN_POINT('',(528.6562478706,-157.975353002858,-59.8));
#2858=CARTESIAN_POINT('Origin',(368.499999999999,-119.487676501428,-59.8));
#2859=CARTESIAN_POINT('',(203.499999999999,-139.975353002855,-59.8));
#2860=CARTESIAN_POINT('',(203.499999999999,-95.2376765014267,-59.8));
#2861=CARTESIAN_POINT('',(290.999999999999,-139.975353002854,-59.8));
#2862=CARTESIAN_POINT('Origin',(213.499999999999,-139.975353002855,-20.));
#2863=CARTESIAN_POINT('',(203.499999999999,-139.975353002855,-23.));
#2864=CARTESIAN_POINT('',(203.499999999999,-139.975353002855,-29.25));
#2865=CARTESIAN_POINT('',(290.999999999999,-139.975353002854,-23.));
#2866=CARTESIAN_POINT('Origin',(290.999999999999,-138.475353002854,-21.5));
#2867=CARTESIAN_POINT('',(203.499999999999,-125.853433877497,-8.87808087464256));
#2868=CARTESIAN_POINT('Origin',(281.000000000001,-6.50000000000086,-21.5));
#2869=CARTESIAN_POINT('',(203.5,-18.3719191253562,-9.62808087464262));
#2870=CARTESIAN_POINT('Origin',(203.499999999999,-70.9876765014266,-38.5));
#2871=CARTESIAN_POINT('',(0.,0.,0.));
#2872=CARTESIAN_POINT('',(737.,-1.63424829224823E-12,0.));
#2873=UNCERTAINTY_MEASURE_WITH_UNIT(LENGTH_MEASURE(0.01),#2885,
'DISTANCE_ACCURACY_VALUE',
'Maximum model space distance between geometric entities at asserted c
onnectivities');
#2874=UNCERTAINTY_MEASURE_WITH_UNIT(LENGTH_MEASURE(0.01),#2885,
'DISTANCE_ACCURACY_VALUE',
'Maximum model space distance between geometric entities at asserted c
onnectivities');
#2875=UNCERTAINTY_MEASURE_WITH_UNIT(LENGTH_MEASURE(0.01),#2885,
'DISTANCE_ACCURACY_VALUE',
'Maximum model space distance between geometric entities at asserted c
onnectivities');
#2876=UNCERTAINTY_MEASURE_WITH_UNIT(LENGTH_MEASURE(0.01),#2885,
'DISTANCE_ACCURACY_VALUE',
'Maximum model space distance between geometric entities at asserted c
onnectivities');
#2877=UNCERTAINTY_MEASURE_WITH_UNIT(LENGTH_MEASURE(0.01),#2885,
'DISTANCE_ACCURACY_VALUE',
'Maximum model space distance between geometric entities at asserted c
onnectivities');
#2878=UNCERTAINTY_MEASURE_WITH_UNIT(LENGTH_MEASURE(0.01),#2885,
'DISTANCE_ACCURACY_VALUE',
'Maximum model space distance between geometric entities at asserted c
onnectivities');
#2879=(
GEOMETRIC_REPRESENTATION_CONTEXT(3)
GLOBAL_UNCERTAINTY_ASSIGNED_CONTEXT((#2873))
GLOBAL_UNIT_ASSIGNED_CONTEXT((#2885,#2887,#2888))
REPRESENTATION_CONTEXT('','3D')
);
#2880=(
GEOMETRIC_REPRESENTATION_CONTEXT(3)
GLOBAL_UNCERTAINTY_ASSIGNED_CONTEXT((#2874))
GLOBAL_UNIT_ASSIGNED_CONTEXT((#2885,#2887,#2888))
REPRESENTATION_CONTEXT('','3D')
);
#2881=(
GEOMETRIC_REPRESENTATION_CONTEXT(3)
GLOBAL_UNCERTAINTY_ASSIGNED_CONTEXT((#2875))
GLOBAL_UNIT_ASSIGNED_CONTEXT((#2885,#2887,#2888))
REPRESENTATION_CONTEXT('','3D')
);
#2882=(
GEOMETRIC_REPRESENTATION_CONTEXT(3)
GLOBAL_UNCERTAINTY_ASSIGNED_CONTEXT((#2876))
GLOBAL_UNIT_ASSIGNED_CONTEXT((#2885,#2887,#2888))
REPRESENTATION_CONTEXT('','3D')
);
#2883=(
GEOMETRIC_REPRESENTATION_CONTEXT(3)
GLOBAL_UNCERTAINTY_ASSIGNED_CONTEXT((#2877))
GLOBAL_UNIT_ASSIGNED_CONTEXT((#2885,#2887,#2888))
REPRESENTATION_CONTEXT('','3D')
);
#2884=(
GEOMETRIC_REPRESENTATION_CONTEXT(3)
GLOBAL_UNCERTAINTY_ASSIGNED_CONTEXT((#2878))
GLOBAL_UNIT_ASSIGNED_CONTEXT((#2885,#2887,#2888))
REPRESENTATION_CONTEXT('','3D')
);
#2885=(
LENGTH_UNIT()
NAMED_UNIT(*)
SI_UNIT(.MILLI.,.METRE.)
);
#2886=(
LENGTH_UNIT()
NAMED_UNIT(*)
SI_UNIT($,.METRE.)
);
#2887=(
NAMED_UNIT(*)
PLANE_ANGLE_UNIT()
SI_UNIT($,.RADIAN.)
);
#2888=(
NAMED_UNIT(*)
SI_UNIT($,.STERADIAN.)
SOLID_ANGLE_UNIT()
);
#2889=SHAPE_DEFINITION_REPRESENTATION(#2894,#2903);
#2890=SHAPE_DEFINITION_REPRESENTATION(#2895,#2904);
#2891=SHAPE_DEFINITION_REPRESENTATION(#2896,#2905);
#2892=SHAPE_DEFINITION_REPRESENTATION(#2897,#2906);
#2893=SHAPE_DEFINITION_REPRESENTATION(#2900,#2907);
#2894=PRODUCT_DEFINITION_SHAPE('',$,#2909);
#2895=PRODUCT_DEFINITION_SHAPE('',$,#2910);
#2896=PRODUCT_DEFINITION_SHAPE('',$,#2911);
#2897=PRODUCT_DEFINITION_SHAPE('',$,#2912);
#2898=PRODUCT_DEFINITION_SHAPE($,$,#23);
#2899=PRODUCT_DEFINITION_SHAPE($,$,#24);
#2900=PRODUCT_DEFINITION_SHAPE('',$,#2913);
#2901=PRODUCT_DEFINITION_SHAPE($,$,#25);
#2902=PRODUCT_DEFINITION_SHAPE($,$,#26);
#2903=SHAPE_REPRESENTATION('',(#1765,#1910,#1911),#2879);
#2904=SHAPE_REPRESENTATION('',(#1766,#1843,#1844),#2880);
#2905=SHAPE_REPRESENTATION('',(#1767),#2881);
#2906=SHAPE_REPRESENTATION('',(#1768),#2882);
#2907=SHAPE_REPRESENTATION('',(#1845),#2883);
#2908=PRODUCT_DEFINITION_CONTEXT('part definition',#2925,'design');
#2909=PRODUCT_DEFINITION('Chuni_Slider_ioboard2',
'Chuni_Slider_ioboard2 v3',#2914,#2908);
#2910=PRODUCT_DEFINITION('Case','Case',#2915,#2908);
#2911=PRODUCT_DEFINITION('left_bracket','left_bracket',#2916,#2908);
#2912=PRODUCT_DEFINITION('L_case_center','L_case_center',#2917,#2908);
#2913=PRODUCT_DEFINITION('R_case_center','R_case_center',#2918,#2908);
#2914=PRODUCT_DEFINITION_FORMATION('',$,#2927);
#2915=PRODUCT_DEFINITION_FORMATION('',$,#2928);
#2916=PRODUCT_DEFINITION_FORMATION('',$,#2929);
#2917=PRODUCT_DEFINITION_FORMATION('',$,#2930);
#2918=PRODUCT_DEFINITION_FORMATION('',$,#2931);
#2919=PRODUCT_RELATED_PRODUCT_CATEGORY('Chuni_Slider_ioboard2 v3',
'Chuni_Slider_ioboard2 v3',(#2927));
#2920=PRODUCT_RELATED_PRODUCT_CATEGORY('Case','Case',(#2928));
#2921=PRODUCT_RELATED_PRODUCT_CATEGORY('left_bracket','left_bracket',(#2929));
#2922=PRODUCT_RELATED_PRODUCT_CATEGORY('L_case_center','L_case_center',
(#2930));
#2923=PRODUCT_RELATED_PRODUCT_CATEGORY('R_case_center','R_case_center',
(#2931));
#2924=APPLICATION_PROTOCOL_DEFINITION('international standard',
'automotive_design',2009,#2925);
#2925=APPLICATION_CONTEXT(
'Core Data for Automotive Mechanical Design Process');
#2926=PRODUCT_CONTEXT('part definition',#2925,'mechanical');
#2927=PRODUCT('Chuni_Slider_ioboard2','Chuni_Slider_ioboard2 v3',$,(#2926));
#2928=PRODUCT('Case','Case',$,(#2926));
#2929=PRODUCT('left_bracket','left_bracket',$,(#2926));
#2930=PRODUCT('L_case_center','L_case_center',$,(#2926));
#2931=PRODUCT('R_case_center','R_case_center',$,(#2926));
#2932=PRESENTATION_STYLE_ASSIGNMENT((#2933));
#2933=SURFACE_STYLE_USAGE(.BOTH.,#2934);
#2934=SURFACE_SIDE_STYLE('',(#2935));
#2935=SURFACE_STYLE_FILL_AREA(#2936);
#2936=FILL_AREA_STYLE('Steel - Satin',(#2937));
#2937=FILL_AREA_STYLE_COLOUR('Steel - Satin',#2938);
#2938=COLOUR_RGB('Steel - Satin',0.627450980392157,0.627450980392157,0.627450980392157);
ENDSEC;
END-ISO-10303-21;
